description,measure,unit_price,normalized_description
VARILLAS ROSCADAS - LARGOS : 1 MT - 1000 MM 1/8,1/8,5.2024,VARILLAS ROSCADAS - LARGOS : 1 MT - 1000 MM 1/8
VARILLAS ROSCADAS - LARGOS : 1 MT - 1000 MM 5/32,5/32,4.452,VARILLAS ROSCADAS - LARGOS : 1 MT - 1000 MM 5/32
VARILLAS ROSCADAS - LARGOS : 1 MT - 1000 MM 3/16,3/16,9.7664,VARILLAS ROSCADAS - LARGOS : 1 MT - 1000 MM 3/16
VARILLAS ROSCADAS - LARGOS : 1 MT - 1000 MM 1/4,1/4,13.9328,VARILLAS ROSCADAS - LARGOS : 1 MT - 1000 MM 1/4
VARILLAS ROSCADAS - LARGOS : 1 MT - 1000 MM 5/16,5/16,25.3292,VARILLAS ROSCADAS - LARGOS : 1 MT - 1000 MM 5/16
VARILLAS ROSCADAS - LARGOS : 1 MT - 1000 MM 3/8,3/8,58.156,VARILLAS ROSCADAS - LARGOS : 1 MT - 1000 MM 3/8
VARILLAS ROSCADAS - LARGOS : 1 MT - 1000 MM 7/16,7/16,110.2453,VARILLAS ROSCADAS - LARGOS : 1 MT - 1000 MM 7/16
VARILLAS ROSCADAS - LARGOS : 1 MT - 1000 MM 1/2,1/2,168.0,VARILLAS ROSCADAS - LARGOS : 1 MT - 1000 MM 1/2
VARILLAS ROSCADAS - LARGOS : 1 MT - 1000 MM 1/2,1/2,183.68,VARILLAS ROSCADAS - LARGOS : 1 MT - 1000 MM 1/2
VARILLAS ROSCADAS - LARGOS : 1 MT - 1000 MM 9/16,9/16,358.2507,VARILLAS ROSCADAS - LARGOS : 1 MT - 1000 MM 9/16
VARILLAS ROSCADAS - LARGOS : 1 MT - 1000 MM 5/8,5/8,450.912,VARILLAS ROSCADAS - LARGOS : 1 MT - 1000 MM 5/8
VARILLAS ROSCADAS - LARGOS : 1 MT - 1000 MM 3/4,3/4,987.28,VARILLAS ROSCADAS - LARGOS : 1 MT - 1000 MM 3/4
VARILLAS ROSCADAS - LARGOS : 1 MT - 1000 MM 7/8,7/8,2067.8,VARILLAS ROSCADAS - LARGOS : 1 MT - 1000 MM 7/8
VARILLAS ROSCADAS - LARGOS : 1 MT - 1000 MM 1,,4380.32,VARILLAS ROSCADAS - LARGOS : 1 MT - 1000 MM 1
VARILLAS ROSCADAS - LARGOS : 1 MT - 1000 MM 11/8,1/8,6988.8,VARILLAS ROSCADAS - LARGOS : 1 MT - 1000 MM 11/8
VARILLAS ROSCADAS - LARGOS : 1 MT - 1000 MM 11/4,1/4,9548.0,VARILLAS ROSCADAS - LARGOS : 1 MT - 1000 MM 11/4
VARILLAS ROSCADAS - LARGOS : 1 MT - 1000 MM 11/2,1/2,20104.0,VARILLAS ROSCADAS - LARGOS : 1 MT - 1000 MM 11/2
VARILLAS ROSCADAS - LARGOS : 1 MT - 1000 MM 2,,169008.0,VARILLAS ROSCADAS - LARGOS : 1 MT - 1000 MM 2
DIÁMETRO ROSCA METRICA MA CANT 5,,15.4,DIÁMETRO ROSCA METRICA MA CANT 5
DIÁMETRO ROSCA METRICA MA CANT 6,,45.7856,DIÁMETRO ROSCA METRICA MA CANT 6
DIÁMETRO ROSCA METRICA MA CANT 7,,177.968,DIÁMETRO ROSCA METRICA MA CANT 7
DIÁMETRO ROSCA METRICA MA CANT 8,,118.6453,DIÁMETRO ROSCA METRICA MA CANT 8
DIÁMETRO ROSCA METRICA MA CANT 10,,170.6133,DIÁMETRO ROSCA METRICA MA CANT 10
DIÁMETRO ROSCA METRICA MA CANT 12,,441.056,DIÁMETRO ROSCA METRICA MA CANT 12
DIÁMETRO ROSCA METRICA MA CANT 14,,1160.768,DIÁMETRO ROSCA METRICA MA CANT 14
DIÁMETRO ROSCA METRICA MA CANT 16,,1440.32,DIÁMETRO ROSCA METRICA MA CANT 16
DIÁMETRO ROSCA METRICA MA CANT 18,,3486.9333,DIÁMETRO ROSCA METRICA MA CANT 18
DIÁMETRO ROSCA METRICA MA CANT 20,,4823.4667,DIÁMETRO ROSCA METRICA MA CANT 20
DIÁMETRO ROSCA METRICA MA CANT 22,,8624.0,DIÁMETRO ROSCA METRICA MA CANT 22
DIÁMETRO ROSCA METRICA MA CANT 24,,12208.0,DIÁMETRO ROSCA METRICA MA CANT 24
DIÁMETRO ROSCA METRICA MA CANT 27,,19973.3333,DIÁMETRO ROSCA METRICA MA CANT 27
TUERCAS HEXAGONALES ESTAMPADAS - GRADO 2 3/16,3/16,0.3333,TUERCAS HEXAGONALES ESTAMPADAS - GRADO 2 3/16
TUERCAS HEXAGONALES ESTAMPADAS - GRADO 2 3/16,3/16,0.625,TUERCAS HEXAGONALES ESTAMPADAS - GRADO 2 3/16
TUERCAS HEXAGONALES ESTAMPADAS - GRADO 2 1/4,1/4,0.4,TUERCAS HEXAGONALES ESTAMPADAS - GRADO 2 1/4
TUERCAS HEXAGONALES ESTAMPADAS - GRADO 2 5/16,5/16,0.2778,TUERCAS HEXAGONALES ESTAMPADAS - GRADO 2 5/16
TUERCAS HEXAGONALES ESTAMPADAS - GRADO 2 3/8,3/8,0.2188,TUERCAS HEXAGONALES ESTAMPADAS - GRADO 2 3/8
TUERCAS HEXAGONALES ESTAMPADAS - GRADO 2 7/16,7/16,0.1429,TUERCAS HEXAGONALES ESTAMPADAS - GRADO 2 7/16
TUERCAS HEXAGONALES ESTAMPADAS - GRADO 2 1/2,1/2,0.1167,TUERCAS HEXAGONALES ESTAMPADAS - GRADO 2 1/2
TUERCAS HEXAGONALES ESTAMPADAS - GRADO 2 1/2,1/2,0.1077,TUERCAS HEXAGONALES ESTAMPADAS - GRADO 2 1/2
TUERCAS HEXAGONALES ESTAMPADAS - GRADO 2 9/16,9/16,0.0833,TUERCAS HEXAGONALES ESTAMPADAS - GRADO 2 9/16
TUERCAS HEXAGONALES ESTAMPADAS - GRADO 2 5/8,5/8,31.1821,TUERCAS HEXAGONALES ESTAMPADAS - GRADO 2 5/8
TUERCAS HEXAGONALES ESTAMPADAS - GRADO 2 3/4,3/4,87.412,TUERCAS HEXAGONALES ESTAMPADAS - GRADO 2 3/4
TUERCAS HEXAGONALES ESTAMPADAS - GRADO 2 7/8,7/8,191.9127,TUERCAS HEXAGONALES ESTAMPADAS - GRADO 2 7/8
TUERCAS HEXAGONALES ESTAMPADAS - GRADO 2 1,,587.2957,TUERCAS HEXAGONALES ESTAMPADAS - GRADO 2 1
TUERCA METRICA 5,,20.0,TUERCA METRICA 5
TUERCA METRICA 6,,10.0,TUERCA METRICA 6
TUERCA METRICA 7,,10.0,TUERCA METRICA 7
TUERCA METRICA 8,,5.0,TUERCA METRICA 8
TUERCA METRICA 10,,2.3,TUERCA METRICA 10
TUERCA METRICA 12,,1.5,TUERCA METRICA 12
TUERCA METRICA 14,,1.0,TUERCA METRICA 14
TUERCA METRICA 16,,33.4903,TUERCA METRICA 16
TUERCA METRICA 18,,80.4543,TUERCA METRICA 18
TUERCA METRICA 20,,126.716,TUERCA METRICA 20
TUERCA METRICA 22,,188.2592,TUERCA METRICA 22
TUERCA METRICA 24,,292.3191,TUERCA METRICA 24
TUERCA METRICA 10,,2.3,TUERCA METRICA 10
TUERCA METRICA 14,,1.0,TUERCA METRICA 14
TUERCA PESADA 5/16,5/16,4.0,TUERCA PESADA 5/16
TUERCA PESADA 3/8,3/8,2.0,TUERCA PESADA 3/8
TUERCA PESADA 7/16,7/16,1.5,TUERCA PESADA 7/16
TUERCA PESADA 1/2,1/2,1.0,TUERCA PESADA 1/2
TUERCAS AUTOFRENANTES UNC - WHIT - ZINCADO AZUL 3/16,3/16,0.4167,TUERCAS AUTOFRENANTES UNC - WHIT - ZINCADO AZUL 3/16
TUERCAS AUTOFRENANTES UNC - WHIT - ZINCADO AZUL 1/4,1/4,0.35,TUERCAS AUTOFRENANTES UNC - WHIT - ZINCADO AZUL 1/4
TUERCAS AUTOFRENANTES UNC - WHIT - ZINCADO AZUL 5/16,5/16,0.2222,TUERCAS AUTOFRENANTES UNC - WHIT - ZINCADO AZUL 5/16
TUERCAS AUTOFRENANTES UNC - WHIT - ZINCADO AZUL 3/8,3/8,0.175,TUERCAS AUTOFRENANTES UNC - WHIT - ZINCADO AZUL 3/8
TUERCAS AUTOFRENANTES UNC - WHIT - ZINCADO AZUL 1/2,1/2,0.1083,TUERCAS AUTOFRENANTES UNC - WHIT - ZINCADO AZUL 1/2
TUERCAS AUTOFRENANTES UNC - WHIT - ZINCADO AZUL 1/2,1/2,0.1,TUERCAS AUTOFRENANTES UNC - WHIT - ZINCADO AZUL 1/2
TUERCAS AUTOFRENANTES UNC - WHIT - ZINCADO AZUL 9/16,9/16,40.6719,TUERCAS AUTOFRENANTES UNC - WHIT - ZINCADO AZUL 9/16
TUERCAS AUTOFRENANTES UNC - WHIT - ZINCADO AZUL 5/8,5/8,64.8959,TUERCAS AUTOFRENANTES UNC - WHIT - ZINCADO AZUL 5/8
TUERCAS AUTOFRENANTES UNC - WHIT - ZINCADO AZUL 3/4,3/4,137.4424,TUERCAS AUTOFRENANTES UNC - WHIT - ZINCADO AZUL 3/4
TUERCAS AUTOFRENANTES METRICAS - ZINCADO DORADO 6,,11.0,TUERCAS AUTOFRENANTES METRICAS - ZINCADO DORADO 6
TUERCAS AUTOFRENANTES METRICAS - ZINCADO DORADO 8,,4.6,TUERCAS AUTOFRENANTES METRICAS - ZINCADO DORADO 8
TUERCAS AUTOFRENANTES METRICAS - ZINCADO DORADO 10,,2.0,TUERCAS AUTOFRENANTES METRICAS - ZINCADO DORADO 10
TUERCAS AUTOFRENANTES METRICAS - ZINCADO DORADO 12,,1.4,TUERCAS AUTOFRENANTES METRICAS - ZINCADO DORADO 12
TUERCAS AUTOFRENANTES METRICAS - ZINCADO DORADO 14,,27.2958,TUERCAS AUTOFRENANTES METRICAS - ZINCADO DORADO 14
TUERCAS AUTOFRENANTES METRICAS - ZINCADO DORADO 16,,45.1542,TUERCAS AUTOFRENANTES METRICAS - ZINCADO DORADO 16
TUERCAS AUTOFRENANTES METRICAS - ZINCADO DORADO 18,,81.5434,TUERCAS AUTOFRENANTES METRICAS - ZINCADO DORADO 18
TUERCAS AUTOFRENANTES METRICAS - ZINCADO DORADO 20,,147.7926,TUERCAS AUTOFRENANTES METRICAS - ZINCADO DORADO 20
TUERCAS AUTOFRENANTES METRICAS - ZINCADO DORADO 8,,4.6,TUERCAS AUTOFRENANTES METRICAS - ZINCADO DORADO 8
TUERCAS AUTOFRENANTES METRICAS - ZINCADO DORADO 10,,2.0,TUERCAS AUTOFRENANTES METRICAS - ZINCADO DORADO 10
TUERCAS AUTOFRENANTES METRICAS - ZINCADO DORADO 12,,1.4,TUERCAS AUTOFRENANTES METRICAS - ZINCADO DORADO 12
TUERCAS AUTOFRENANTES METRICAS - ZINCADO DORADO 12,,1.4,TUERCAS AUTOFRENANTES METRICAS - ZINCADO DORADO 12
TUERCAS AUTOFRENANTES METRICAS - ZINCADO DORADO 14,,27.8643,TUERCAS AUTOFRENANTES METRICAS - ZINCADO DORADO 14
TUERCAS AUTOFRENANTES METRICAS - ZINCADO DORADO 16,,46.5943,TUERCAS AUTOFRENANTES METRICAS - ZINCADO DORADO 16
TUERCAS AUTOFRENANTES METRICAS - ZINCADO DORADO 18,,90.6008,TUERCAS AUTOFRENANTES METRICAS - ZINCADO DORADO 18
TUERCAS AUTOFRENANTES METRICAS - ZINCADO DORADO 20,,168.9052,TUERCAS AUTOFRENANTES METRICAS - ZINCADO DORADO 20
BULON CABEZA REDONDA ZINCADO SIN TUERCA (CARROCERO) 25,,1.9626,BULON CABEZA REDONDA ZINCADO SIN TUERCA (CARROCERO) 25
BULON CABEZA REDONDA ZINCADO SIN TUERCA (CARROCERO) 32,,2.7532,BULON CABEZA REDONDA ZINCADO SIN TUERCA (CARROCERO) 32
BULON CABEZA REDONDA ZINCADO SIN TUERCA (CARROCERO) 38,,3.4377,BULON CABEZA REDONDA ZINCADO SIN TUERCA (CARROCERO) 38
BULON CABEZA REDONDA ZINCADO SIN TUERCA (CARROCERO) 44,,10.1052,BULON CABEZA REDONDA ZINCADO SIN TUERCA (CARROCERO) 44
BULON CABEZA REDONDA ZINCADO SIN TUERCA (CARROCERO) 50,,33.2072,BULON CABEZA REDONDA ZINCADO SIN TUERCA (CARROCERO) 50
BULON CABEZA REDONDA ZINCADO SIN TUERCA (CARROCERO) 56,,37.6551,BULON CABEZA REDONDA ZINCADO SIN TUERCA (CARROCERO) 56
BULON CABEZA REDONDA ZINCADO SIN TUERCA (CARROCERO) 63,,49.6394,BULON CABEZA REDONDA ZINCADO SIN TUERCA (CARROCERO) 63
BULON CABEZA REDONDA ZINCADO SIN TUERCA (CARROCERO) 70,,54.0923,BULON CABEZA REDONDA ZINCADO SIN TUERCA (CARROCERO) 70
BULON CABEZA REDONDA ZINCADO SIN TUERCA (CARROCERO) 76,,212.9694,BULON CABEZA REDONDA ZINCADO SIN TUERCA (CARROCERO) 76
BULON CABEZA REDONDA ZINCADO SIN TUERCA (CARROCERO) 82,,88.1839,BULON CABEZA REDONDA ZINCADO SIN TUERCA (CARROCERO) 82
BULON CABEZA REDONDA ZINCADO SIN TUERCA (CARROCERO) 90,,304.9869,BULON CABEZA REDONDA ZINCADO SIN TUERCA (CARROCERO) 90
BULON CABEZA REDONDA ZINCADO SIN TUERCA (CARROCERO) 115,,156.1912,BULON CABEZA REDONDA ZINCADO SIN TUERCA (CARROCERO) 115
BULON CABEZA REDONDA ZINCADO SIN TUERCA (CARROCERO) 127,,618.35,BULON CABEZA REDONDA ZINCADO SIN TUERCA (CARROCERO) 127
BULON CABEZA REDONDA ZINCADO SIN TUERCA (CARROCERO) 152,,1042.9798,BULON CABEZA REDONDA ZINCADO SIN TUERCA (CARROCERO) 152
BULON CABEZA REDONDA ZINCADO SIN TUERCA (CARROCERO) 176,,1459.8812,BULON CABEZA REDONDA ZINCADO SIN TUERCA (CARROCERO) 176
BULON CABEZA REDONDA ZINCADO (CARROCERO) 19,,9.0258,BULON CABEZA REDONDA ZINCADO (CARROCERO) 19
BULON CABEZA REDONDA ZINCADO (CARROCERO) 25,,49.1094,BULON CABEZA REDONDA ZINCADO (CARROCERO) 25
BULON CABEZA REDONDA ZINCADO (CARROCERO) 32,,55.5844,BULON CABEZA REDONDA ZINCADO (CARROCERO) 32
BULON CABEZA REDONDA ZINCADO (CARROCERO) 38,,61.1332,BULON CABEZA REDONDA ZINCADO (CARROCERO) 38
BULON CABEZA REDONDA ZINCADO (CARROCERO) 44,,255.3165,BULON CABEZA REDONDA ZINCADO (CARROCERO) 44
BULON CABEZA REDONDA ZINCADO (CARROCERO) 50,,273.7591,BULON CABEZA REDONDA ZINCADO (CARROCERO) 50
BULON CABEZA REDONDA ZINCADO (CARROCERO) 56,,292.2718,BULON CABEZA REDONDA ZINCADO (CARROCERO) 56
BULON CABEZA REDONDA ZINCADO (CARROCERO) 63,,313.8084,BULON CABEZA REDONDA ZINCADO (CARROCERO) 63
BULON CABEZA REDONDA ZINCADO (CARROCERO) 70,,335.385,BULON CABEZA REDONDA ZINCADO (CARROCERO) 70
BULON CABEZA REDONDA ZINCADO (CARROCERO) 76,,346.125,BULON CABEZA REDONDA ZINCADO (CARROCERO) 76
BULON CABEZA REDONDA ZINCADO (CARROCERO) 82,,364.1212,BULON CABEZA REDONDA ZINCADO (CARROCERO) 82
BULON CABEZA REDONDA ZINCADO (CARROCERO) 90,,388.1433,BULON CABEZA REDONDA ZINCADO (CARROCERO) 90
BULON CABEZA REDONDA ZINCADO (CARROCERO) 102,,418.1365,BULON CABEZA REDONDA ZINCADO (CARROCERO) 102
BULON CABEZA REDONDA ZINCADO (CARROCERO) 115,,597.4925,BULON CABEZA REDONDA ZINCADO (CARROCERO) 115
BULON CABEZA REDONDA ZINCADO (CARROCERO) 127,,986.3207,BULON CABEZA REDONDA ZINCADO (CARROCERO) 127
BULON CABEZA REDONDA ZINCADO (CARROCERO) 140,,1144.3678,BULON CABEZA REDONDA ZINCADO (CARROCERO) 140
BULON CABEZA REDONDA ZINCADO (CARROCERO) 152,,1245.3669,BULON CABEZA REDONDA ZINCADO (CARROCERO) 152
BULON CABEZA REDONDA ZINCADO (CARROCERO) 176,,1379.9961,BULON CABEZA REDONDA ZINCADO (CARROCERO) 176
BULON CABEZA REDONDA ZINCADO (CARROCERO) 190,,465.5598,BULON CABEZA REDONDA ZINCADO (CARROCERO) 190
BULON CABEZA REDONDA ZINCADO (CARROCERO) 203,,1548.7711,BULON CABEZA REDONDA ZINCADO (CARROCERO) 203
BULON HEXAGONAL NATURAL (PULIDO) - WHIT - GRADO 2 PULG,,25.4,BULON HEXAGONAL NATURAL (PULIDO) - WHIT - GRADO 2 PULG
BULON HEXAGONAL NATURAL (PULIDO) - WHIT - GRADO 2 3/8,3/8,0.6921,BULON HEXAGONAL NATURAL (PULIDO) - WHIT - GRADO 2 3/8
BULON HEXAGONAL NATURAL (PULIDO) - WHIT - GRADO 2 1/2,1/2,4.7933,BULON HEXAGONAL NATURAL (PULIDO) - WHIT - GRADO 2 1/2
BULON HEXAGONAL NATURAL (PULIDO) - WHIT - GRADO 2 5/8,5/8,4.3121,BULON HEXAGONAL NATURAL (PULIDO) - WHIT - GRADO 2 5/8
BULON HEXAGONAL NATURAL (PULIDO) - WHIT - GRADO 2 3/4,3/4,25.6005,BULON HEXAGONAL NATURAL (PULIDO) - WHIT - GRADO 2 3/4
BULON HEXAGONAL NATURAL (PULIDO) - WHIT - GRADO 2 7/8,7/8,31.3472,BULON HEXAGONAL NATURAL (PULIDO) - WHIT - GRADO 2 7/8
BULON HEXAGONAL NATURAL (PULIDO) - WHIT - GRADO 2 1,,34.0842,BULON HEXAGONAL NATURAL (PULIDO) - WHIT - GRADO 2 1
BULON HEXAGONAL NATURAL (PULIDO) - WHIT - GRADO 2 11/4,1/4,44.1161,BULON HEXAGONAL NATURAL (PULIDO) - WHIT - GRADO 2 11/4
BULON HEXAGONAL NATURAL (PULIDO) - WHIT - GRADO 2 11/2,1/2,796.2018,BULON HEXAGONAL NATURAL (PULIDO) - WHIT - GRADO 2 11/2
BULON HEXAGONAL NATURAL (PULIDO) - WHIT - GRADO 2 13/4,3/4,814.8413,BULON HEXAGONAL NATURAL (PULIDO) - WHIT - GRADO 2 13/4
BULON HEXAGONAL NATURAL (PULIDO) - WHIT - GRADO 2 2,,949.1161,BULON HEXAGONAL NATURAL (PULIDO) - WHIT - GRADO 2 2
BULON HEXAGONAL NATURAL (PULIDO) - WHIT - GRADO 2 21/4,1/4,1049.671,BULON HEXAGONAL NATURAL (PULIDO) - WHIT - GRADO 2 21/4
BULON HEXAGONAL NATURAL (PULIDO) - WHIT - GRADO 2 21/2,1/2,3496.492,BULON HEXAGONAL NATURAL (PULIDO) - WHIT - GRADO 2 21/2
BULON HEXAGONAL NATURAL (PULIDO) - WHIT - GRADO 2 23/4,3/4,3967.33,BULON HEXAGONAL NATURAL (PULIDO) - WHIT - GRADO 2 23/4
BULON HEXAGONAL NATURAL (PULIDO) - WHIT - GRADO 2 3,,5837.7812,BULON HEXAGONAL NATURAL (PULIDO) - WHIT - GRADO 2 3
BULON HEXAGONAL NATURAL (PULIDO) - WHIT - GRADO 2 31/4,1/4,5383.3284,BULON HEXAGONAL NATURAL (PULIDO) - WHIT - GRADO 2 31/4
BULON HEXAGONAL NATURAL (PULIDO) - WHIT - GRADO 2 31/2,1/2,5503.8746,BULON HEXAGONAL NATURAL (PULIDO) - WHIT - GRADO 2 31/2
BULON HEXAGONAL NATURAL (PULIDO) - WHIT - GRADO 2 4,,6654.9362,BULON HEXAGONAL NATURAL (PULIDO) - WHIT - GRADO 2 4
BULON HEXAGONAL NATURAL (PULIDO) - WHIT - GRADO 2 41/2,1/2,8166.174,BULON HEXAGONAL NATURAL (PULIDO) - WHIT - GRADO 2 41/2
BULON HEXAGONAL NATURAL (PULIDO) - WHIT - GRADO 2 5,,11925.0623,BULON HEXAGONAL NATURAL (PULIDO) - WHIT - GRADO 2 5
BULON HEXAGONAL NATURAL (PULIDO) - WHIT - GRADO 2 6,,996.7915,BULON HEXAGONAL NATURAL (PULIDO) - WHIT - GRADO 2 6
BULON HEXAGONAL ZINCADO UNC - WHIT - GRADO 2 476,,25.4,BULON HEXAGONAL ZINCADO UNC - WHIT - GRADO 2 476
BULON HEXAGONAL ZINCADO UNC - WHIT - GRADO 2 3/8,3/8,0.7278,BULON HEXAGONAL ZINCADO UNC - WHIT - GRADO 2 3/8
BULON HEXAGONAL ZINCADO UNC - WHIT - GRADO 2 1/2,1/2,5.3031,BULON HEXAGONAL ZINCADO UNC - WHIT - GRADO 2 1/2
BULON HEXAGONAL ZINCADO UNC - WHIT - GRADO 2 5/8,5/8,4.5619,BULON HEXAGONAL ZINCADO UNC - WHIT - GRADO 2 5/8
BULON HEXAGONAL ZINCADO UNC - WHIT - GRADO 2 3/4,3/4,27.2332,BULON HEXAGONAL ZINCADO UNC - WHIT - GRADO 2 3/4
BULON HEXAGONAL ZINCADO UNC - WHIT - GRADO 2 7/8,7/8,33.3468,BULON HEXAGONAL ZINCADO UNC - WHIT - GRADO 2 7/8
BULON HEXAGONAL ZINCADO UNC - WHIT - GRADO 2 1,,114.3626,BULON HEXAGONAL ZINCADO UNC - WHIT - GRADO 2 1
BULON HEXAGONAL ZINCADO UNC - WHIT - GRADO 2 11/4,1/4,127.5483,BULON HEXAGONAL ZINCADO UNC - WHIT - GRADO 2 11/4
BULON HEXAGONAL ZINCADO UNC - WHIT - GRADO 2 11/2,1/2,1080.058,BULON HEXAGONAL ZINCADO UNC - WHIT - GRADO 2 11/2
BULON HEXAGONAL ZINCADO UNC - WHIT - GRADO 2 13/4,3/4,1254.9152,BULON HEXAGONAL ZINCADO UNC - WHIT - GRADO 2 13/4
BULON HEXAGONAL ZINCADO UNC - WHIT - GRADO 2 2,,2982.4041,BULON HEXAGONAL ZINCADO UNC - WHIT - GRADO 2 2
BULON HEXAGONAL ZINCADO UNC - WHIT - GRADO 2 21/4,1/4,3405.4827,BULON HEXAGONAL ZINCADO UNC - WHIT - GRADO 2 21/4
BULON HEXAGONAL ZINCADO UNC - WHIT - GRADO 2 21/2,1/2,3831.0532,BULON HEXAGONAL ZINCADO UNC - WHIT - GRADO 2 21/2
BULON HEXAGONAL ZINCADO UNC - WHIT - GRADO 2 23/4,3/4,4289.0373,BULON HEXAGONAL ZINCADO UNC - WHIT - GRADO 2 23/4
BULON HEXAGONAL ZINCADO UNC - WHIT - GRADO 2 3,,6736.2952,BULON HEXAGONAL ZINCADO UNC - WHIT - GRADO 2 3
BULON HEXAGONAL ZINCADO UNC - WHIT - GRADO 2 31/4,1/4,6288.8402,BULON HEXAGONAL ZINCADO UNC - WHIT - GRADO 2 31/4
BULON HEXAGONAL ZINCADO UNC - WHIT - GRADO 2 31/2,1/2,6450.6026,BULON HEXAGONAL ZINCADO UNC - WHIT - GRADO 2 31/2
BULON HEXAGONAL ZINCADO UNC - WHIT - GRADO 2 4,,7808.0651,BULON HEXAGONAL ZINCADO UNC - WHIT - GRADO 2 4
BULON HEXAGONAL ZINCADO UNC - WHIT - GRADO 2 41/2,1/2,9452.942,BULON HEXAGONAL ZINCADO UNC - WHIT - GRADO 2 41/2
BULON HEXAGONAL ZINCADO UNC - WHIT - GRADO 2 5,,11747.6251,BULON HEXAGONAL ZINCADO UNC - WHIT - GRADO 2 5
BULON HEXAGONAL ZINCADO UNC - WHIT - GRADO 2 6,,3239.7647,BULON HEXAGONAL ZINCADO UNC - WHIT - GRADO 2 6
BULON HEXAGONAL - UNC - WHIT - GRADO 5 PULG,,25.4,BULON HEXAGONAL - UNC - WHIT - GRADO 5 PULG
BULON HEXAGONAL - UNC - WHIT - GRADO 5 3/8,3/8,0.8756,BULON HEXAGONAL - UNC - WHIT - GRADO 5 3/8
BULON HEXAGONAL - UNC - WHIT - GRADO 5 1/2,1/2,6.3239,BULON HEXAGONAL - UNC - WHIT - GRADO 5 1/2
BULON HEXAGONAL - UNC - WHIT - GRADO 5 5/8,5/8,4.8195,BULON HEXAGONAL - UNC - WHIT - GRADO 5 5/8
BULON HEXAGONAL - UNC - WHIT - GRADO 5 3/4,3/4,47.3439,BULON HEXAGONAL - UNC - WHIT - GRADO 5 3/4
BULON HEXAGONAL - UNC - WHIT - GRADO 5 7/8,7/8,53.0535,BULON HEXAGONAL - UNC - WHIT - GRADO 5 7/8
BULON HEXAGONAL - UNC - WHIT - GRADO 5 1,,58.3546,BULON HEXAGONAL - UNC - WHIT - GRADO 5 1
BULON HEXAGONAL - UNC - WHIT - GRADO 5 11/4,1/4,170.2553,BULON HEXAGONAL - UNC - WHIT - GRADO 5 11/4
BULON HEXAGONAL - UNC - WHIT - GRADO 5 11/2,1/2,360.9906,BULON HEXAGONAL - UNC - WHIT - GRADO 5 11/2
BULON HEXAGONAL - UNC - WHIT - GRADO 5 13/4,3/4,646.7304,BULON HEXAGONAL - UNC - WHIT - GRADO 5 13/4
BULON HEXAGONAL - UNC - WHIT - GRADO 5 2,,798.0936,BULON HEXAGONAL - UNC - WHIT - GRADO 5 2
BULON HEXAGONAL - UNC - WHIT - GRADO 5 21/4,1/4,930.7878,BULON HEXAGONAL - UNC - WHIT - GRADO 5 21/4
BULON HEXAGONAL - UNC - WHIT - GRADO 5 21/2,1/2,4632.3482,BULON HEXAGONAL - UNC - WHIT - GRADO 5 21/2
BULON HEXAGONAL - UNC - WHIT - GRADO 5 3,,5711.2858,BULON HEXAGONAL - UNC - WHIT - GRADO 5 3
BULON HEXAGONAL - UNC - WHIT - GRADO 5 31/2,1/2,7686.3678,BULON HEXAGONAL - UNC - WHIT - GRADO 5 31/2
BULON HEXAGONAL - UNC - WHIT - GRADO 5 4,,8517.1398,BULON HEXAGONAL - UNC - WHIT - GRADO 5 4
BULON HEXAGONAL - UNC - WHIT - GRADO 5 41/2,1/2,8499.3525,BULON HEXAGONAL - UNC - WHIT - GRADO 5 41/2
BULON HEXAGONAL - UNC - WHIT - GRADO 5 5,,12725.937,BULON HEXAGONAL - UNC - WHIT - GRADO 5 5
BULON HEXAGONAL - UNC - WHIT - GRADO 5 5 1/2,1/2,15734.6477,BULON HEXAGONAL - UNC - WHIT - GRADO 5 5 1/2
BULON HEXAGONAL - UNC - WHIT - GRADO 5 6,,16922.462,BULON HEXAGONAL - UNC - WHIT - GRADO 5 6
BULON HEXAGONAL - MILIMETRICO 88 M A 100,,3.0,BULON HEXAGONAL - MILIMETRICO 88 M A 100
BULON HEXAGONAL ASTM A/325 - ZINCADO AMARILLO 1270,,25.4,BULON HEXAGONAL ASTM A/325 - ZINCADO AMARILLO 1270
BULON HEXAGONAL ASTM A/325 - ZINCADO AMARILLO 11/4,1/4,31.75,BULON HEXAGONAL ASTM A/325 - ZINCADO AMARILLO 11/4
BULON HEXAGONAL ASTM A/325 - ZINCADO AMARILLO 11/2,1/2,38.1,BULON HEXAGONAL ASTM A/325 - ZINCADO AMARILLO 11/2
BULON HEXAGONAL ASTM A/325 - ZINCADO AMARILLO 13/4,3/4,44.45,BULON HEXAGONAL ASTM A/325 - ZINCADO AMARILLO 13/4
BULON HEXAGONAL ASTM A/325 - ZINCADO AMARILLO 2,,50.8,BULON HEXAGONAL ASTM A/325 - ZINCADO AMARILLO 2
BULON HEXAGONAL ASTM A/325 - ZINCADO AMARILLO 21/4,1/4,57.15,BULON HEXAGONAL ASTM A/325 - ZINCADO AMARILLO 21/4
BULON HEXAGONAL ASTM A/325 - ZINCADO AMARILLO 21/2,1/2,63.5,BULON HEXAGONAL ASTM A/325 - ZINCADO AMARILLO 21/2
BULON HEXAGONAL ASTM A/325 - ZINCADO AMARILLO 23/4,3/4,69.85,BULON HEXAGONAL ASTM A/325 - ZINCADO AMARILLO 23/4
BULON HEXAGONAL ASTM A/325 - ZINCADO AMARILLO 3,,76.2,BULON HEXAGONAL ASTM A/325 - ZINCADO AMARILLO 3
BULON HEXAGONAL ASTM A/325 - ZINCADO AMARILLO 31/2,1/2,88.9,BULON HEXAGONAL ASTM A/325 - ZINCADO AMARILLO 31/2
BULON HEXAGONAL ASTM A/325 - ZINCADO AMARILLO 4,,101.6,BULON HEXAGONAL ASTM A/325 - ZINCADO AMARILLO 4
BULON HEXAGONAL ASTM A/325 - ZINCADO AMARILLO 41/2,1/2,114.3,BULON HEXAGONAL ASTM A/325 - ZINCADO AMARILLO 41/2
BULON HEXAGONAL ASTM A/325 - ZINCADO AMARILLO 5,,127.0,BULON HEXAGONAL ASTM A/325 - ZINCADO AMARILLO 5
BULON HEXAGONAL ASTM A/325 - ZINCADO AMARILLO LLAVE,,41.28,BULON HEXAGONAL ASTM A/325 - ZINCADO AMARILLO LLAVE
TIRAFONDOS ZINCADO AZUL 476,,9.52,TIRAFONDOS ZINCADO AZUL 476
TIRAFONDOS ZINCADO AZUL 11/4,1/4,7.6019,TIRAFONDOS ZINCADO AZUL 11/4
TIRAFONDOS ZINCADO AZUL 11/2,1/2,41.926,TIRAFONDOS ZINCADO AZUL 11/2
TIRAFONDOS ZINCADO AZUL 13/4,3/4,47.8206,TIRAFONDOS ZINCADO AZUL 13/4
TIRAFONDOS ZINCADO AZUL 2,,46.6019,TIRAFONDOS ZINCADO AZUL 2
TIRAFONDOS ZINCADO AZUL 21/4,1/4,17.5459,TIRAFONDOS ZINCADO AZUL 21/4
TIRAFONDOS ZINCADO AZUL 23/8,3/8,8.7745,TIRAFONDOS ZINCADO AZUL 23/8
TIRAFONDOS ZINCADO AZUL 21/2,1/2,60.0585,TIRAFONDOS ZINCADO AZUL 21/2
TIRAFONDOS ZINCADO AZUL 23/4,3/4,21.9546,TIRAFONDOS ZINCADO AZUL 23/4
TIRAFONDOS ZINCADO AZUL 3,,65.4391,TIRAFONDOS ZINCADO AZUL 3
TIRAFONDOS ZINCADO AZUL 31/8,1/8,25.8857,TIRAFONDOS ZINCADO AZUL 31/8
TIRAFONDOS ZINCADO AZUL 31/2,1/2,80.434,TIRAFONDOS ZINCADO AZUL 31/2
TIRAFONDOS ZINCADO AZUL 4,,89.6474,TIRAFONDOS ZINCADO AZUL 4
TIRAFONDOS ZINCADO AZUL 5,,104.1124,TIRAFONDOS ZINCADO AZUL 5
TORNILLOS DRYWALL - ROSCA GRUESA 16,,0.0691,TORNILLOS DRYWALL - ROSCA GRUESA 16
TORNILLOS DRYWALL - ROSCA GRUESA 19,,0.0864,TORNILLOS DRYWALL - ROSCA GRUESA 19
TORNILLOS DRYWALL - ROSCA GRUESA 25,,0.469,TORNILLOS DRYWALL - ROSCA GRUESA 25
TORNILLOS DRYWALL - ROSCA GRUESA 32,,0.432,TORNILLOS DRYWALL - ROSCA GRUESA 32
TORNILLOS DRYWALL - ROSCA GRUESA 38,,1.3948,TORNILLOS DRYWALL - ROSCA GRUESA 38
TORNILLOS DRYWALL - ROSCA GRUESA 42,,0.5554,TORNILLOS DRYWALL - ROSCA GRUESA 42
TORNILLOS DRYWALL - ROSCA GRUESA 45,,1.8974,TORNILLOS DRYWALL - ROSCA GRUESA 45
TORNILLOS DRYWALL - ROSCA GRUESA 50,,2.1598,TORNILLOS DRYWALL - ROSCA GRUESA 50
TORNILLOS DRYWALL - ROSCA GRUESA 55,,2.7152,TORNILLOS DRYWALL - ROSCA GRUESA 55
TORNILLOS DRYWALL - ROSCA GRUESA 65,,1.5735,TORNILLOS DRYWALL - ROSCA GRUESA 65
TORNILLOS DRYWALL - ROSCA GRUESA 75,,3.1319,TORNILLOS DRYWALL - ROSCA GRUESA 75
TORNILLOS DRYWALL - ROSCA GRUESA 100,,6.1554,TORNILLOS DRYWALL - ROSCA GRUESA 100
TORNILLOS DRYWALL - ROSCA FINA - PUNTA AGUJA 25,,0.2059,TORNILLOS DRYWALL - ROSCA FINA - PUNTA AGUJA 25
TORNILLOS DRYWALL - ROSCA FINA - PUNTA AGUJA 32,,0.2534,TORNILLOS DRYWALL - ROSCA FINA - PUNTA AGUJA 32
TORNILLOS DRYWALL - ROSCA FINA - PUNTA AGUJA 35,,0.2692,TORNILLOS DRYWALL - ROSCA FINA - PUNTA AGUJA 35
TORNILLOS DRYWALL - ROSCA FINA - PUNTA AGUJA 38,,0.2745,TORNILLOS DRYWALL - ROSCA FINA - PUNTA AGUJA 38
TORNILLOS DRYWALL - ROSCA FINA - PUNTA AGUJA 42,,0.3011,TORNILLOS DRYWALL - ROSCA FINA - PUNTA AGUJA 42
TORNILLOS DRYWALL - ROSCA FINA - PUNTA AGUJA 45,,0.3062,TORNILLOS DRYWALL - ROSCA FINA - PUNTA AGUJA 45
TORNILLOS DRYWALL - ROSCA FINA - PUNTA AGUJA 50,,0.3115,TORNILLOS DRYWALL - ROSCA FINA - PUNTA AGUJA 50
"TORNILLOS PAN FRAMING - PUNTA MECHA 7/16""",7/16,0.2093,"TORNILLOS PAN FRAMING - PUNTA MECHA 7/16"""
"TORNILLOS CABEZA TANQUE - PUNTA AGUJA 1/2""",1/2,0.2575,"TORNILLOS CABEZA TANQUE - PUNTA AGUJA 1/2"""
"TORNILLOS CABEZA TANQUE - PUNTA AGUJA 3/4""",3/4,0.3219,"TORNILLOS CABEZA TANQUE - PUNTA AGUJA 3/4"""
"TORNILLOS CABEZA TANQUE - PUNTA MECHA 1/2""",1/2,0.2288,"TORNILLOS CABEZA TANQUE - PUNTA MECHA 1/2"""
"TORNILLOS CABEZA TANQUE - PUNTA MECHA 3/4""",3/4,0.6467,"TORNILLOS CABEZA TANQUE - PUNTA MECHA 3/4"""
"TORNILLOS CABEZA TANQUE - PUNTA MECHA 1""",,0.8061,"TORNILLOS CABEZA TANQUE - PUNTA MECHA 1"""
"TORNILLOS CABEZA TANQUE - PUNTA MECHA 1 1/4""",1/4,0.9519,"TORNILLOS CABEZA TANQUE - PUNTA MECHA 1 1/4"""
"TORNILLOS CABEZA HEXAGONAL SIMPLE - ARANDELA FIJA - PUNTA MECHA 1/2""",1/2,0.4008,"TORNILLOS CABEZA HEXAGONAL SIMPLE - ARANDELA FIJA - PUNTA MECHA 1/2"""
"TORNILLOS CABEZA HEXAGONAL SIMPLE - ARANDELA FIJA - PUNTA MECHA 3/4""",3/4,0.7261,"TORNILLOS CABEZA HEXAGONAL SIMPLE - ARANDELA FIJA - PUNTA MECHA 3/4"""
"TORNILLOS CABEZA HEXAGONAL SIMPLE - ARANDELA FIJA - PUNTA MECHA 1""",,0.6326,"TORNILLOS CABEZA HEXAGONAL SIMPLE - ARANDELA FIJA - PUNTA MECHA 1"""
"PRODUCTO NO IDENTIFICADO 3/4""",3/4,4.376,"PRODUCTO NO IDENTIFICADO 3/4"""
"PRODUCTO NO IDENTIFICADO 1""",,4.9984,"PRODUCTO NO IDENTIFICADO 1"""
"PRODUCTO NO IDENTIFICADO 1 1/2""",1/2,6.8971,"PRODUCTO NO IDENTIFICADO 1 1/2"""
"PRODUCTO NO IDENTIFICADO 2""",,16.4487,"PRODUCTO NO IDENTIFICADO 2"""
"PRODUCTO NO IDENTIFICADO 2 1/2""",1/2,20.8501,"PRODUCTO NO IDENTIFICADO 2 1/2"""
TORNILLOS FIX 12,,0.0785,TORNILLOS FIX 12
TORNILLOS FIX 16,,0.1344,TORNILLOS FIX 16
TORNILLOS FIX 20,,0.3137,TORNILLOS FIX 20
TORNILLOS FIX 25,,0.3857,TORNILLOS FIX 25
TORNILLOS FIX 30,,0.43,TORNILLOS FIX 30
TORNILLOS FIX 35,,0.9867,TORNILLOS FIX 35
TORNILLOS FIX 40,,1.3395,TORNILLOS FIX 40
TORNILLOS FIX 45,,1.118,TORNILLOS FIX 45
TORNILLOS FIX 50,,1.8823,TORNILLOS FIX 50
TORNILLOS FIX 60,,2.849,TORNILLOS FIX 60
ARANDELAS GROWER - PULIDAS 3/16,3/16,50.0,ARANDELAS GROWER - PULIDAS 3/16
ARANDELAS GROWER - PULIDAS 1/4,1/4,20.0,ARANDELAS GROWER - PULIDAS 1/4
ARANDELAS GROWER - PULIDAS 5/16,5/16,20.0,ARANDELAS GROWER - PULIDAS 5/16
ARANDELAS GROWER - PULIDAS 3/8,3/8,12.0,ARANDELAS GROWER - PULIDAS 3/8
ARANDELAS GROWER - PULIDAS 7/16,7/16,7.0,ARANDELAS GROWER - PULIDAS 7/16
ARANDELAS GROWER - PULIDAS 1/2,1/2,5.0,ARANDELAS GROWER - PULIDAS 1/2
ARANDELAS GROWER - PULIDAS 5/8,5/8,3.2,ARANDELAS GROWER - PULIDAS 5/8
ARANDELAS GROWER - PULIDAS 3/4,3/4,2.0,ARANDELAS GROWER - PULIDAS 3/4
ARANDELAS GROWER - PULIDAS 7/8,7/8,0.004,ARANDELAS GROWER - PULIDAS 7/8
ARANDELAS GROWER - PULIDAS 1,,0.004,ARANDELAS GROWER - PULIDAS 1
ARANDELAS GROWER - PULIDAS 1 1/8,1/8,0.0033,ARANDELAS GROWER - PULIDAS 1 1/8
ARANDELAS GROWER - PULIDAS 1 1/4,1/4,53.2085,ARANDELAS GROWER - PULIDAS 1 1/4
ARANDELAS GROWER - PULIDAS 1 1/2,1/2,1044.3661,ARANDELAS GROWER - PULIDAS 1 1/2
ARANDELAS PLANAS 1/8,1/8,2.837,ARANDELAS PLANAS 1/8
ARANDELAS PLANAS 5/32,5/32,1.507,ARANDELAS PLANAS 5/32
ARANDELAS PLANAS 3/16,3/16,1.019,ARANDELAS PLANAS 3/16
ARANDELAS PLANAS 1/4,1/4,0.0188,ARANDELAS PLANAS 1/4
ARANDELAS PLANAS 5/16,5/16,0.0228,ARANDELAS PLANAS 5/16
ARANDELAS PLANAS 3/8,3/8,0.0274,ARANDELAS PLANAS 3/8
ARANDELAS PLANAS 7/16,7/16,0.0453,ARANDELAS PLANAS 7/16
ARANDELAS PLANAS 1/2,1/2,0.0673,ARANDELAS PLANAS 1/2
ARANDELAS PLANAS 9/16,9/16,0.0861,ARANDELAS PLANAS 9/16
ARANDELAS PLANAS 5/8,5/8,0.1283,ARANDELAS PLANAS 5/8
ARANDELAS PLANAS 3/4,3/4,0.1744,ARANDELAS PLANAS 3/4
ARANDELAS PLANAS 7/8,7/8,0.2267,ARANDELAS PLANAS 7/8
ARANDELAS PLANAS 1,,0.272,ARANDELAS PLANAS 1
ARANDELAS PLANAS 1 1/8,1/8,0.3778,ARANDELAS PLANAS 1 1/8
ARANDELAS PLANAS 1 1/4,1/4,0.3579,ARANDELAS PLANAS 1 1/4
ARANDELAS PLANAS 1 3/8,3/8,0.6066,ARANDELAS PLANAS 1 3/8
ARANDELAS PLANAS 1 1/2,1/2,0.6673,ARANDELAS PLANAS 1 1/2
ARANDELAS PLANAS 1 3/4,3/4,0.6066,ARANDELAS PLANAS 1 3/4
ARANDELAS PLANAS 2,,0.9533,ARANDELAS PLANAS 2
ARANDELAS PLANAS 5/16,5/16,0.0213,ARANDELAS PLANAS 5/16
ARANDELAS PLANAS 3/8,3/8,0.0255,ARANDELAS PLANAS 3/8
ARANDELAS PLANAS 7/16,7/16,0.0442,ARANDELAS PLANAS 7/16
ARANDELAS PLANAS 1/2,1/2,0.0636,ARANDELAS PLANAS 1/2
