codigo,descripcion,precio_unitario,proveedor
AC3X6,"TORNILLO ALLEN CAB. CILINDRICA CALIDAD 12.9 DIN 912 Cil 3 x 0,50 x 6 12.9",41.73,trusoni
AC3X8,"TORNILLO ALLEN CAB. CILINDRICA CALIDAD 12.9 DIN 912 Cil 3 x 0,50 x 8 12.9",42.8,trusoni
AC3X10,"TORNILLO ALLEN CAB. CILINDRICA CALIDAD 12.9 DIN 912 Cil 3 x 0,50 x 10 12.9",44.94,trusoni
AC3X12,"TORNILLO ALLEN CAB. CILINDRICA CALIDAD 12.9 DIN 912 Cil 3 x 0,50 x 12 12.9",46.01,trusoni
AC3X16,"TORNILLO ALLEN CAB. CILINDRICA CALIDAD 12.9 DIN 912 Cil 3 x 0,50 x 16 12.9",50.29,trusoni
AC3X20,"TORNILLO ALLEN CAB. CILINDRICA CALIDAD 12.9 DIN 912 Cil 3 x 0,50 x 20 12.9",51.36,trusoni
AC3X25,"TORNILLO ALLEN CAB. CILINDRICA CALIDAD 12.9 DIN 912 Cil 3 x 0,50 x 25 12.9",58.85,trusoni
AC3X30,"TORNILLO ALLEN CAB. CILINDRICA CALIDAD 12.9 DIN 912 Cil 3 x 0,50 x 30 12.9",85.6,trusoni
AC3X35,"TORNILLO ALLEN CAB. CILINDRICA CALIDAD 12.9 DIN 912 Cil 3 x 0,50 x 35 12.9",115.56,trusoni
AC3X40,"TORNILLO ALLEN CAB. CILINDRICA CALIDAD 12.9 DIN 912 Cil 3 x 0,50 x 40 12.9",144.45,trusoni
AC3X50,"TORNILLO ALLEN CAB. CILINDRICA CALIDAD 12.9 DIN 912 Cil 3 x 0,50 x 50 12.9",201.16,trusoni
AC4X6,"TORNILLO ALLEN CAB. CILINDRICA CALIDAD 12.9 DIN 912 Cil 4 x 0,70 x 6 12.9",42.8,trusoni
AC4X8,"TORNILLO ALLEN CAB. CILINDRICA CALIDAD 12.9 DIN 912 Cil 4 x 0,70 x 8 12.9",43.87,trusoni
AC4X10,"TORNILLO ALLEN CAB. CILINDRICA CALIDAD 12.9 DIN 912 Cil 4 x 0,70 x 10 12.9",46.01,trusoni
AC4X12,"TORNILLO ALLEN CAB. CILINDRICA CALIDAD 12.9 DIN 912 Cil 4 x 0,70 x 12 12.9",50.29,trusoni
AC4X16,"TORNILLO ALLEN CAB. CILINDRICA CALIDAD 12.9 DIN 912 Cil 4 x 0,70 x 16 12.9",54.57,trusoni
AC4X20,"TORNILLO ALLEN CAB. CILINDRICA CALIDAD 12.9 DIN 912 Cil 4 x 0,70 x 20 12.9",57.78,trusoni
AC4X25,"TORNILLO ALLEN CAB. CILINDRICA CALIDAD 12.9 DIN 912 Cil 4 x 0,70 x 25 12.9",60.99,trusoni
AC4X30,"TORNILLO ALLEN CAB. CILINDRICA CALIDAD 12.9 DIN 912 Cil 4 x 0,70 x 30 12.9",78.11,trusoni
AC4X35,"TORNILLO ALLEN CAB. CILINDRICA CALIDAD 12.9 DIN 912 Cil 4 x 0,70 x 35 12.9",98.44,trusoni
AC4X40,"TORNILLO ALLEN CAB. CILINDRICA CALIDAD 12.9 DIN 912 Cil 4 x 0,70 x 40 12.9",109.14,trusoni
AC4X50,"TORNILLO ALLEN CAB. CILINDRICA CALIDAD 12.9 DIN 912 Cil 4 x 0,70 x 50 12.9",135.89,trusoni
AC5X8,"TORNILLO ALLEN CAB. CILINDRICA CALIDAD 12.9 DIN 912 Cil 5 x 0,80 x 8 12.9",55.64,trusoni
AC5X10,"TORNILLO ALLEN CAB. CILINDRICA CALIDAD 12.9 DIN 912 Cil 5 x 0,80 x 10 12.9",57.78,trusoni
AC5X12,"TORNILLO ALLEN CAB. CILINDRICA CALIDAD 12.9 DIN 912 Cil 5 x 0,80 x 12 12.9",62.06,trusoni
AC5X16,"TORNILLO ALLEN CAB. CILINDRICA CALIDAD 12.9 DIN 912 Cil 5 x 0,80 x 16 12.9",67.41,trusoni
AC5X20,"TORNILLO ALLEN CAB. CILINDRICA CALIDAD 12.9 DIN 912 Cil 5 x 0,80 x 20 12.9",70.62,trusoni
AC5X25,"TORNILLO ALLEN CAB. CILINDRICA CALIDAD 12.9 DIN 912 Cil 5 x 0,80 x 25 12.9",83.46,trusoni
AC5X30,"TORNILLO ALLEN CAB. CILINDRICA CALIDAD 12.9 DIN 912 Cil 5 x 0,80 x 30 12.9",89.88,trusoni
AC5X35,"TORNILLO ALLEN CAB. CILINDRICA CALIDAD 12.9 DIN 912 Cil 5 x 0,80 x 35 12.9",107.0,trusoni
AC5X40,"TORNILLO ALLEN CAB. CILINDRICA CALIDAD 12.9 DIN 912 Cil 5 x 0,80 x 40 12.9",115.56,trusoni
AC5X45,"TORNILLO ALLEN CAB. CILINDRICA CALIDAD 12.9 DIN 912 Cil 5 x 0,80 x 45 12.9",150.87,trusoni
AC5X50,"TORNILLO ALLEN CAB. CILINDRICA CALIDAD 12.9 DIN 912 Cil 5 x 0,80 x 50 12.9",153.01,trusoni
AC5x55,"TORNILLO ALLEN CAB. CILINDRICA CALIDAD 12.9 DIN 912 Cil 5 x 0,80 x 55 12.9",177.62,trusoni
AC5X60,"TORNILLO ALLEN CAB. CILINDRICA CALIDAD 12.9 DIN 912 Cil 5 x 0,80 x 60 12.9",196.88,trusoni
AC5X70,"TORNILLO ALLEN CAB. CILINDRICA CALIDAD 12.9 DIN 912 Cil 5 x 0,80 x 70 12.9",292.11,trusoni
AC5X80,"TORNILLO ALLEN CAB. CILINDRICA CALIDAD 12.9 DIN 912 Cil 5 x 0,80 x 80 12.9",329.56,trusoni
AC5X90,"TORNILLO ALLEN CAB. CILINDRICA CALIDAD 12.9 DIN 912 Cil 5 x 0,80 x 90 12.9",492.2,trusoni
AC5X100,"TORNILLO ALLEN CAB. CILINDRICA CALIDAD 12.9 DIN 912 Cil 5 x 0,80 x 100 12.9",577.8,trusoni
AC6X10,"TORNILLO ALLEN CAB. CILINDRICA CALIDAD 12.9 DIN 912 Cil 6 x 1,00 x 10 12.9",72.76,trusoni
AC6X12,"TORNILLO ALLEN CAB. CILINDRICA CALIDAD 12.9 DIN 912 Cil 6 x 1,00 x 12 12.9",74.9,trusoni
AC6X16,"TORNILLO ALLEN CAB. CILINDRICA CALIDAD 12.9 DIN 912 Cil 6 x 1,00 x 16 12.9",81.32,trusoni
AC6X20,"TORNILLO ALLEN CAB. CILINDRICA CALIDAD 12.9 DIN 912 Cil 6 x 1,00 x 20 12.9",88.81,trusoni
AC6X25,"TORNILLO ALLEN CAB. CILINDRICA CALIDAD 12.9 DIN 912 Cil 6 x 1,00 x 25 12.9",104.86,trusoni
AC6X30,"TORNILLO ALLEN CAB. CILINDRICA CALIDAD 12.9 DIN 912 Cil 6 x 1,00 x 30 12.9",127.33,trusoni
AC6X35,"TORNILLO ALLEN CAB. CILINDRICA CALIDAD 12.9 DIN 912 Cil 6 x 1,00 x 35 12.9",142.31,trusoni
AC6X40,"TORNILLO ALLEN CAB. CILINDRICA CALIDAD 12.9 DIN 912 Cil 6 x 1,00 x 40 12.9",153.01,trusoni
AC6X45,"TORNILLO ALLEN CAB. CILINDRICA CALIDAD 12.9 DIN 912 Cil 6 x 1,00 x 45 12.9",176.55,trusoni
AC6X50,"TORNILLO ALLEN CAB. CILINDRICA CALIDAD 12.9 DIN 912 Cil 6 x 1,00 x 50 12.9",188.32,trusoni
AC6X55,"TORNILLO ALLEN CAB. CILINDRICA CALIDAD 12.9 DIN 912 Cil 6 x 1,00 x 55 12.9",202.23,trusoni
AC6X60,"TORNILLO ALLEN CAB. CILINDRICA CALIDAD 12.9 DIN 912 Cil 6 x 1,00 x 60 12.9",216.14,trusoni
AC6X70,"TORNILLO ALLEN CAB. CILINDRICA CALIDAD 12.9 DIN 912 Cil 6 x 1,00 x 70 12.9",256.8,trusoni
AC6X80,"TORNILLO ALLEN CAB. CILINDRICA CALIDAD 12.9 DIN 912 Cil 6 x 1,00 x 80 12.9",349.89,trusoni
AC6X90,"TORNILLO ALLEN CAB. CILINDRICA CALIDAD 12.9 DIN 912 Cil 6 x 1,00 x 90 12.9",463.31,trusoni
AC6X100,"TORNILLO ALLEN CAB. CILINDRICA CALIDAD 12.9 DIN 912 Cil 6 x 1,00 x 100 12.9",538.21,trusoni
AC6X110,"TORNILLO ALLEN CAB. CILINDRICA CALIDAD 12.9 DIN 912 Cil 6 x 1,00 x 110 12.9",811.06,trusoni
AC6X120,"TORNILLO ALLEN CAB. CILINDRICA CALIDAD 12.9 DIN 912 Cil 6 x 1,00 x 120 12.9",952.3,trusoni
AC6X130,"TORNILLO ALLEN CAB. CILINDRICA CALIDAD 12.9 DIN 912 Cil 6 x 1,00 x 130 12.9",1070.0,trusoni
AC6X140,"TORNILLO ALLEN CAB. CILINDRICA CALIDAD 12.9 DIN 912 Cil 6 x 1,00 x 140 12.9",1155.6,trusoni
AC6X150,"TORNILLO ALLEN CAB. CILINDRICA CALIDAD 12.9 DIN 912 Cil 6 x 1,00 x 150 12.9",1444.5,trusoni
AC8X10,"TORNILLO ALLEN CAB. CILINDRICA CALIDAD 12.9 DIN 912 Cil 8 x 1,25 x 10 12.9",147.66,trusoni
AC8X12,"TORNILLO ALLEN CAB. CILINDRICA CALIDAD 12.9 DIN 912 Cil 8 x 1,25 x 12 12.9",162.64,trusoni
AC8X16,"TORNILLO ALLEN CAB. CILINDRICA CALIDAD 12.9 DIN 912 Cil 8 x 1,25 x 16 12.9",171.2,trusoni
AC8X180,"TORNILLO ALLEN CAB. CILINDRICA CALIDAD 12.9 DIN 912 Cil 8 x 1,25 x 18 12.9",174.41,trusoni
AC8X20,"TORNILLO ALLEN CAB. CILINDRICA CALIDAD 12.9 DIN 912 Cil 8 x 1,25 x 20 12.9",176.55,trusoni
AC8X25,"TORNILLO ALLEN CAB. CILINDRICA CALIDAD 12.9 DIN 912 Cil 8 x 1,25 x 25 12.9",200.09,trusoni
AC8X30,"TORNILLO ALLEN CAB. CILINDRICA CALIDAD 12.9 DIN 912 Cil 8 x 1,25 x 30 12.9",237.54,trusoni
AC8X35,"TORNILLO ALLEN CAB. CILINDRICA CALIDAD 12.9 DIN 912 Cil 8 x 1,25 x 35 12.9",267.5,trusoni
AC8X40,"TORNILLO ALLEN CAB. CILINDRICA CALIDAD 12.9 DIN 912 Cil 8 x 1,25 x 40 12.9",294.25,trusoni
AC8X45,"TORNILLO ALLEN CAB. CILINDRICA CALIDAD 12.9 DIN 912 Cil 8 x 1,25 x 45 12.9",304.95,trusoni
AC8X50,"TORNILLO ALLEN CAB. CILINDRICA CALIDAD 12.9 DIN 912 Cil 8 x 1,25 x 50 12.9",317.79,trusoni
AC8X55,"TORNILLO ALLEN CAB. CILINDRICA CALIDAD 12.9 DIN 912 Cil 8 x 1,25 x 55 12.9",376.64,trusoni
AC8X60,"TORNILLO ALLEN CAB. CILINDRICA CALIDAD 12.9 DIN 912 Cil 8 x 1,25 x 60 12.9",416.23,trusoni
AC8X70,"TORNILLO ALLEN CAB. CILINDRICA CALIDAD 12.9 DIN 912 Cil 8 x 1,25 x 70 12.9",448.33,trusoni
AC8X80,"TORNILLO ALLEN CAB. CILINDRICA CALIDAD 12.9 DIN 912 Cil 8 x 1,25 x 80 12.9",526.44,trusoni
AC8X90,"TORNILLO ALLEN CAB. CILINDRICA CALIDAD 12.9 DIN 912 Cil 8 x 1,25 x 90 12.9",598.13,trusoni
AC8X100,"TORNILLO ALLEN CAB. CILINDRICA CALIDAD 12.9 DIN 912 Cil 8 x 1,25 x 100 12.9",795.01,trusoni
AC8X110,"TORNILLO ALLEN CAB. CILINDRICA CALIDAD 12.9 DIN 912 Cil 8 x 1,25 x 110 12.9",852.79,trusoni
AC8X120,"TORNILLO ALLEN CAB. CILINDRICA CALIDAD 12.9 DIN 912 Cil 8 x 1,25 x 120 12.9",924.48,trusoni
AC8X130,"TORNILLO ALLEN CAB. CILINDRICA CALIDAD 12.9 DIN 912 Cil 8 x 1,25 x 130 12.9",953.37,trusoni
AC8X140,"TORNILLO ALLEN CAB. CILINDRICA CALIDAD 12.9 DIN 912 Cil 8 x 1,25 x 140 12.9",1041.11,trusoni
AC8X150,"TORNILLO ALLEN CAB. CILINDRICA CALIDAD 12.9 DIN 912 Cil 8 x 1,25 x 150 12.9",1444.5,trusoni
AC8X160,"TORNILLO ALLEN CAB. CILINDRICA CALIDAD 12.9 DIN 912 Cil 8 x 1,25 x 160 12.9",2022.3,trusoni
AC8X170,"TORNILLO ALLEN CAB. CILINDRICA CALIDAD 12.9 DIN 912 Cil 8 x 1,25 x 170 12.9",2311.2,trusoni
AC8X180,"TORNILLO ALLEN CAB. CILINDRICA CALIDAD 12.9 DIN 912 Cil 8 x 1,25 x 180 12.9",2600.1,trusoni
AC8X200,"TORNILLO ALLEN CAB. CILINDRICA CALIDAD 12.9 DIN 912 Cil 8 x 1,25 x 200 12.9",3210.0,trusoni
AC10X16,"TORNILLO ALLEN CAB. CILINDRICA CALIDAD 12.9 DIN 912 Cil 10 x 1,50 x 16 12.9",303.88,trusoni
AC10X20,"TORNILLO ALLEN CAB. CILINDRICA CALIDAD 12.9 DIN 912 Cil 10 x 1,50 x 20 12.9",307.09,trusoni
AC10X25,"TORNILLO ALLEN CAB. CILINDRICA CALIDAD 12.9 DIN 912 Cil 10 x 1,50 x 25 12.9",312.44,trusoni
AC10X30,"TORNILLO ALLEN CAB. CILINDRICA CALIDAD 12.9 DIN 912 Cil 10 x 1,50 x 30 12.9",329.56,trusoni
AC10X35,"TORNILLO ALLEN CAB. CILINDRICA CALIDAD 12.9 DIN 912 Cil 10 x 1,50 x 35 12.9",363.8,trusoni
AC10X40,"TORNILLO ALLEN CAB. CILINDRICA CALIDAD 12.9 DIN 912 Cil 10 x 1,50 x 40 12.9",437.63,trusoni
AC10X45,"TORNILLO ALLEN CAB. CILINDRICA CALIDAD 12.9 DIN 912 Cil 10 x 1,50 x 45 12.9",462.24,trusoni
AC10X50,"TORNILLO ALLEN CAB. CILINDRICA CALIDAD 12.9 DIN 912 Cil 10 x 1,50 x 50 12.9",485.78,trusoni
AC10X60,"TORNILLO ALLEN CAB. CILINDRICA CALIDAD 12.9 DIN 912 Cil 10 x 1,50 x 60 12.9",548.91,trusoni
AC10X70,"TORNILLO ALLEN CAB. CILINDRICA CALIDAD 12.9 DIN 912 Cil 10 x 1,50 x 70 12.9",677.31,trusoni
AC10X80,"TORNILLO ALLEN CAB. CILINDRICA CALIDAD 12.9 DIN 912 Cil 10 x 1,50 x 80 12.9",832.46,trusoni
AC10X90,"TORNILLO ALLEN CAB. CILINDRICA CALIDAD 12.9 DIN 912 Cil 10 x 1,50 x 90 12.9",924.48,trusoni
AC10X100,"TORNILLO ALLEN CAB. CILINDRICA CALIDAD 12.9 DIN 912 Cil 10 x 1,50 x 100 12.9",963.0,trusoni
AC10X110,"TORNILLO ALLEN CAB. CILINDRICA CALIDAD 12.9 DIN 912 Cil 10 x 1,50 x 110 12.9",1091.4,trusoni
AC10X120,"TORNILLO ALLEN CAB. CILINDRICA CALIDAD 12.9 DIN 912 Cil 10 x 1,50 x 120 12.9",1308.61,trusoni
AC10X130,"TORNILLO ALLEN CAB. CILINDRICA CALIDAD 12.9 DIN 912 Cil 10 x 1,50 x 130 12.9",1444.5,trusoni
AC10X140,"TORNILLO ALLEN CAB. CILINDRICA CALIDAD 12.9 DIN 912 Cil 10 x 1,50 x 140 12.9",1674.55,trusoni
AC10X150,"TORNILLO ALLEN CAB. CILINDRICA CALIDAD 12.9 DIN 912 Cil 10 x 1,50 x 150 12.9",2022.3,trusoni
AC10X160,"TORNILLO ALLEN CAB. CILINDRICA CALIDAD 12.9 DIN 912 Cil 10 x 1,50 x 160 12.9",2600.1,trusoni
AC10X180,"TORNILLO ALLEN CAB. CILINDRICA CALIDAD 12.9 DIN 912 Cil 10 x 1,50 x 180 12.9",3033.45,trusoni
AC10X200,"TORNILLO ALLEN CAB. CILINDRICA CALIDAD 12.9 DIN 912 Cil 10 x 1,50 x 200 12.9",3466.8,trusoni
AC12X20,"TORNILLO ALLEN CAB. CILINDRICA CALIDAD 12.9 DIN 912 Cil 12 x 1,75 x 20 12.9",452.61,trusoni
AC12X25,"TORNILLO ALLEN CAB. CILINDRICA CALIDAD 12.9 DIN 912 Cil 12 x 1,75 x 25 12.9",453.68,trusoni
AC12X30,"TORNILLO ALLEN CAB. CILINDRICA CALIDAD 12.9 DIN 912 Cil 12 x 1,75 x 30 12.9",508.25,trusoni
AC12X35,"TORNILLO ALLEN CAB. CILINDRICA CALIDAD 12.9 DIN 912 Cil 12 x 1,75 x 35 12.9",548.91,trusoni
AC12X40,"TORNILLO ALLEN CAB. CILINDRICA CALIDAD 12.9 DIN 912 Cil 12 x 1,75 x 40 12.9",591.71,trusoni
AC12X45,"TORNILLO ALLEN CAB. CILINDRICA CALIDAD 12.9 DIN 912 Cil 12 x 1,75 x 45 12.9",631.3,trusoni
AC12X50,"TORNILLO ALLEN CAB. CILINDRICA CALIDAD 12.9 DIN 912 Cil 12 x 1,75 x 50 12.9",674.1,trusoni
AC12X60,"TORNILLO ALLEN CAB. CILINDRICA CALIDAD 12.9 DIN 912 Cil 12 x 1,75 x 60 12.9",807.85,trusoni
AC12X70,"TORNILLO ALLEN CAB. CILINDRICA CALIDAD 12.9 DIN 912 Cil 12 x 1,75 x 70 12.9",928.76,trusoni
AC12X80,"TORNILLO ALLEN CAB. CILINDRICA CALIDAD 12.9 DIN 912 Cil 12 x 1,75 x 80 12.9",982.26,trusoni
AC12X90,"TORNILLO ALLEN CAB. CILINDRICA CALIDAD 12.9 DIN 912 Cil 12 x 1,75 x 90 12.9",1089.26,trusoni
AC12X100,"TORNILLO ALLEN CAB. CILINDRICA CALIDAD 12.9 DIN 912 Cil 12 x 1,75 x 100 12.9",1193.05,trusoni
AC12X110,"TORNILLO ALLEN CAB. CILINDRICA CALIDAD 12.9 DIN 912 Cil 12 x 1,75 x 110 12.9",1498.0,trusoni
AC12X120,"TORNILLO ALLEN CAB. CILINDRICA CALIDAD 12.9 DIN 912 Cil 12 x 1,75 x 120 12.9",1704.51,trusoni
AC12X130,"TORNILLO ALLEN CAB. CILINDRICA CALIDAD 12.9 DIN 912 Cil 12 x 1,75 x 130 12.9",1733.4,trusoni
AC12X140,"TORNILLO ALLEN CAB. CILINDRICA CALIDAD 12.9 DIN 912 Cil 12 x 1,75 x 140 12.9",1993.41,trusoni
AC12X150,"TORNILLO ALLEN CAB. CILINDRICA CALIDAD 12.9 DIN 912 Cil 12 x 1,75 x 150 12.9",2137.86,trusoni
AC12X160,"TORNILLO ALLEN CAB. CILINDRICA CALIDAD 12.9 DIN 912 Cil 12 x 1,75 x 160 12.9",3177.9,trusoni
AC12X180,"TORNILLO ALLEN CAB. CILINDRICA CALIDAD 12.9 DIN 912 Cil 12 x 1,75 x 180 12.9",3466.8,trusoni
AC12X200,"TORNILLO ALLEN CAB. CILINDRICA CALIDAD 12.9 DIN 912 Cil 12 x 1,75 x 200 12.9",4622.4,trusoni
AC14X30,"TORNILLO ALLEN CAB. CILINDRICA CALIDAD 12.9 DIN 912 Cil 14 x 2,00 x 30 12.9",895.59,trusoni
AC14X35,"TORNILLO ALLEN CAB. CILINDRICA CALIDAD 12.9 DIN 912 Cil 14 x 2,00 x 35 12.9",953.37,trusoni
AC14X40,"TORNILLO ALLEN CAB. CILINDRICA CALIDAD 12.9 DIN 912 Cil 14 x 2,00 x 40 12.9",1097.82,trusoni
AC14X45,"TORNILLO ALLEN CAB. CILINDRICA CALIDAD 12.9 DIN 912 Cil 14 x 2,00 x 45 12.9",1155.6,trusoni
AC14X50,"TORNILLO ALLEN CAB. CILINDRICA CALIDAD 12.9 DIN 912 Cil 14 x 2,00 x 50 12.9",1328.94,trusoni
AC14X60,"TORNILLO ALLEN CAB. CILINDRICA CALIDAD 12.9 DIN 912 Cil 14 x 2,00 x 60 12.9",1415.61,trusoni
AC14X70,"TORNILLO ALLEN CAB. CILINDRICA CALIDAD 12.9 DIN 912 Cil 14 x 2,00 x 70 12.9",1473.39,trusoni
AC14X80,"TORNILLO ALLEN CAB. CILINDRICA CALIDAD 12.9 DIN 912 Cil 14 x 2,00 x 80 12.9",1531.17,trusoni
AC14X90,"TORNILLO ALLEN CAB. CILINDRICA CALIDAD 12.9 DIN 912 Cil 14 x 2,00 x 90 12.9",1713.07,trusoni
AC14X100,"TORNILLO ALLEN CAB. CILINDRICA CALIDAD 12.9 DIN 912 Cil 14 x 2,00 x 100 12.9",1858.89,trusoni
AC14X110,"TORNILLO ALLEN CAB. CILINDRICA CALIDAD 12.9 DIN 912 Cil 14 x 2,00 x 110 12.9",1964.52,trusoni
AC14X120,"TORNILLO ALLEN CAB. CILINDRICA CALIDAD 12.9 DIN 912 Cil 14 x 2,00 x 120 12.9",2049.05,trusoni
AC14X130,"TORNILLO ALLEN CAB. CILINDRICA CALIDAD 12.9 DIN 912 Cil 14 x 2,00 x 130 12.9",2311.2,trusoni
AC14X140,"TORNILLO ALLEN CAB. CILINDRICA CALIDAD 12.9 DIN 912 Cil 14 x 2,00 x 140 12.9",2600.1,trusoni
AC14X150,"TORNILLO ALLEN CAB. CILINDRICA CALIDAD 12.9 DIN 912 Cil 14 x 2,00 x 150 12.9",2889.0,trusoni
AC14X160,"TORNILLO ALLEN CAB. CILINDRICA CALIDAD 12.9 DIN 912 Cil 14 x 2,00 x 160 12.9",4333.5,trusoni
AC14X180,"TORNILLO ALLEN CAB. CILINDRICA CALIDAD 12.9 DIN 912 Cil 14 x 2,00 x 180 12.9",5200.2,trusoni
AC14X200,"TORNILLO ALLEN CAB. CILINDRICA CALIDAD 12.9 DIN 912 Cil 14 x 2,00 x 200 12.9",6644.7,trusoni
AC14X250,"TORNILLO ALLEN CAB. CILINDRICA CALIDAD 12.9 DIN 912 Cil 14 x 2,00 x 250 12.9",14156.1,trusoni
AC14X300,"TORNILLO ALLEN CAB. CILINDRICA CALIDAD 12.9 DIN 912 Cil 14 x 2,00 x 300 12.9",15889.5,trusoni
AC16X30,"TORNILLO ALLEN CAB. CILINDRICA CALIDAD 12.9 DIN 912 Cil 16 x 2,00 x 30 12.9",1068.93,trusoni
AC16X35,"TORNILLO ALLEN CAB. CILINDRICA CALIDAD 12.9 DIN 912 Cil 16 x 2,00 x 35 12.9",1155.6,trusoni
AC16X40,"TORNILLO ALLEN CAB. CILINDRICA CALIDAD 12.9 DIN 912 Cil 16 x 2,00 x 40 12.9",1242.27,trusoni
AC16X45,"TORNILLO ALLEN CAB. CILINDRICA CALIDAD 12.9 DIN 912 Cil 16 x 2,00 x 45 12.9",1328.94,trusoni
AC16X50,"TORNILLO ALLEN CAB. CILINDRICA CALIDAD 12.9 DIN 912 Cil 16 x 2,00 x 50 12.9",1415.61,trusoni
AC16X55,"TORNILLO ALLEN CAB. CILINDRICA CALIDAD 12.9 DIN 912 Cil 16 x 2,00 x 55 12.9",1612.49,trusoni
AC16X60,"TORNILLO ALLEN CAB. CILINDRICA CALIDAD 12.9 DIN 912 Cil 16 x 2,00 x 60 12.9",1669.2,trusoni
AC16X70,"TORNILLO ALLEN CAB. CILINDRICA CALIDAD 12.9 DIN 912 Cil 16 x 2,00 x 70 12.9",1962.38,trusoni
AC16X80,"TORNILLO ALLEN CAB. CILINDRICA CALIDAD 12.9 DIN 912 Cil 16 x 2,00 x 80 12.9",2051.19,trusoni
AC16X90,"TORNILLO ALLEN CAB. CILINDRICA CALIDAD 12.9 DIN 912 Cil 16 x 2,00 x 90 12.9",2224.53,trusoni
AC16X100,"TORNILLO ALLEN CAB. CILINDRICA CALIDAD 12.9 DIN 912 Cil 16 x 2,00 x 100 12.9",2397.87,trusoni
AC16X110,"TORNILLO ALLEN CAB. CILINDRICA CALIDAD 12.9 DIN 912 Cil 16 x 2,00 x 110 12.9",2744.55,trusoni
AC16X120,"TORNILLO ALLEN CAB. CILINDRICA CALIDAD 12.9 DIN 912 Cil 16 x 2,00 x 120 12.9",3062.34,trusoni
AC16X130,"TORNILLO ALLEN CAB. CILINDRICA CALIDAD 12.9 DIN 912 Cil 16 x 2,00 x 130 12.9",3235.68,trusoni
AC16X140,"TORNILLO ALLEN CAB. CILINDRICA CALIDAD 12.9 DIN 912 Cil 16 x 2,00 x 140 12.9",3755.7,trusoni
AC16X150,"TORNILLO ALLEN CAB. CILINDRICA CALIDAD 12.9 DIN 912 Cil 16 x 2,00 x 150 12.9",4911.3,trusoni
AC16X160,"TORNILLO ALLEN CAB. CILINDRICA CALIDAD 12.9 DIN 912 Cil 16 x 2,00 x 160 12.9",5489.1,trusoni
AC16X180,"TORNILLO ALLEN CAB. CILINDRICA CALIDAD 12.9 DIN 912 Cil 16 x 2,00 x 180 12.9",5885.0,trusoni
AC16X200,"TORNILLO ALLEN CAB. CILINDRICA CALIDAD 12.9 DIN 912 Cil 16 x 2,00 x 200 12.9",6420.0,trusoni
AC16X250,"TORNILLO ALLEN CAB. CILINDRICA CALIDAD 12.9 DIN 912 Cil 16 x 2,00 x 250 12.9",10978.2,trusoni
AC16X300,"TORNILLO ALLEN CAB. CILINDRICA CALIDAD 12.9 DIN 912 Cil 16 x 2,00 x 300 12.9",13867.2,trusoni
AC18X40,"TORNILLO ALLEN CAB. CILINDRICA CALIDAD 12.9 DIN 912 Cil 18 x 2,50 x 40 12.9",2686.77,trusoni
AC18X45,"TORNILLO ALLEN CAB. CILINDRICA CALIDAD 12.9 DIN 912 Cil 18 x 2,50 x 45 12.9",2831.22,trusoni
AC18X50,"TORNILLO ALLEN CAB. CILINDRICA CALIDAD 12.9 DIN 912 Cil 18 x 2,50 x 50 12.9",3735.68,trusoni
AC18X55,"TORNILLO ALLEN CAB. CILINDRICA CALIDAD 12.9 DIN 912 Cil 18 x 2,50 x 55 12.9",3351.24,trusoni
AC18X60,"TORNILLO ALLEN CAB. CILINDRICA CALIDAD 12.9 DIN 912 Cil 18 x 2,50 x 60 12.9",3409.02,trusoni
AC18X70,"TORNILLO ALLEN CAB. CILINDRICA CALIDAD 12.9 DIN 912 Cil 18 x 2,50 x 70 12.9",3466.8,trusoni
AC18X80,"TORNILLO ALLEN CAB. CILINDRICA CALIDAD 12.9 DIN 912 Cil 18 x 2,50 x 80 12.9",3553.47,trusoni
AC18X90,"TORNILLO ALLEN CAB. CILINDRICA CALIDAD 12.9 DIN 912 Cil 18 x 2,50 x 90 12.9",3611.25,trusoni
AC18X100,"TORNILLO ALLEN CAB. CILINDRICA CALIDAD 12.9 DIN 912 Cil 18 x 2,50 x 100 12.9",3755.7,trusoni
AC18X110,"TORNILLO ALLEN CAB. CILINDRICA CALIDAD 12.9 DIN 912 Cil 18 x 2,50 x 110 12.9",3986.82,trusoni
AC18X120,"TORNILLO ALLEN CAB. CILINDRICA CALIDAD 12.9 DIN 912 Cil 18 x 2,50 x 120 12.9",4333.5,trusoni
AC18X130,"TORNILLO ALLEN CAB. CILINDRICA CALIDAD 12.9 DIN 912 Cil 18 x 2,50 x 130 12.9",4795.74,trusoni
AC18X140,"TORNILLO ALLEN CAB. CILINDRICA CALIDAD 12.9 DIN 912 Cil 18 x 2,50 x 140 12.9",5489.1,trusoni
AC18X150,"TORNILLO ALLEN CAB. CILINDRICA CALIDAD 12.9 DIN 912 Cil 18 x 2,50 x 150 12.9",5778.0,trusoni
AC18X160,"TORNILLO ALLEN CAB. CILINDRICA CALIDAD 12.9 DIN 912 Cil 18 x 2,50 x 160 12.9",6066.9,trusoni
AC18X180,"TORNILLO ALLEN CAB. CILINDRICA CALIDAD 12.9 DIN 912 Cil 18 x 2,50 x 180 12.9",6413.58,trusoni
AC18X200,"TORNILLO ALLEN CAB. CILINDRICA CALIDAD 12.9 DIN 912 Cil 18 x 2,50 x 200 12.9",9822.6,trusoni
AC18X250,"TORNILLO ALLEN CAB. CILINDRICA CALIDAD 12.9 DIN 912 Cil 18 x 2,50 x 250 12.9",14445.0,trusoni
AC18X300,"TORNILLO ALLEN CAB. CILINDRICA CALIDAD 12.9 DIN 912 Cil 18 x 2,50 x 300 12.9",20223.0,trusoni
AC20X35,"TORNILLO ALLEN CAB. CILINDRICA CALIDAD 12.9 DIN 912 Cil 20 x 2,5 x 35 12.9",2527.875,trusoni
AC20X40,"TORNILLO ALLEN CAB. CILINDRICA CALIDAD 12.9 DIN 912 Cil 20 x 2,5 x 40 12.9",2555.16,trusoni
AC20X45,"TORNILLO ALLEN CAB. CILINDRICA CALIDAD 12.9 DIN 912 Cil 20 x 2,5 x 45 12.9",2662.16,trusoni
AC20X50,"TORNILLO ALLEN CAB. CILINDRICA CALIDAD 12.9 DIN 912 Cil 20 x 2,5 x 50 12.9",2769.16,trusoni
AC20X55,"TORNILLO ALLEN CAB. CILINDRICA CALIDAD 12.9 DIN 912 Cil 20 x 2,5 x 55 12.9",2835.5,trusoni
AC20X60,"TORNILLO ALLEN CAB. CILINDRICA CALIDAD 12.9 DIN 912 Cil 20 x 2,5 x 60 12.9",2915.75,trusoni
AC20X70,"TORNILLO ALLEN CAB. CILINDRICA CALIDAD 12.9 DIN 912 Cil 20 x 2,5 x 70 12.9",3156.5,trusoni
AC20X80,"TORNILLO ALLEN CAB. CILINDRICA CALIDAD 12.9 DIN 912 Cil 20 x 2,5 x 80 12.9",3598.41,trusoni
AC20X90,"TORNILLO ALLEN CAB. CILINDRICA CALIDAD 12.9 DIN 912 Cil 20 x 2,5 x 90 12.9",3865.91,trusoni
AC20X100,"TORNILLO ALLEN CAB. CILINDRICA CALIDAD 12.9 DIN 912 Cil 20 x 2,5 x 100 12.9",4253.25,trusoni
AC20X110,"TORNILLO ALLEN CAB. CILINDRICA CALIDAD 12.9 DIN 912 Cil 20 x 2,5 x 110 12.9",4520.75,trusoni
AC20X120,"TORNILLO ALLEN CAB. CILINDRICA CALIDAD 12.9 DIN 912 Cil 20 x 2,5 x 120 12.9",4770.06,trusoni
AC20X130,"TORNILLO ALLEN CAB. CILINDRICA CALIDAD 12.9 DIN 912 Cil 20 x 2,5 x 130 12.9",7285.63,trusoni
AC20X140,"TORNILLO ALLEN CAB. CILINDRICA CALIDAD 12.9 DIN 912 Cil 20 x 2,5 x 140 12.9",7787.46,trusoni
AC20X150,"TORNILLO ALLEN CAB. CILINDRICA CALIDAD 12.9 DIN 912 Cil 20 x 2,5 x 150 12.9",8992.5,trusoni
AC20X160,"TORNILLO ALLEN CAB. CILINDRICA CALIDAD 12.9 DIN 912 Cil 20 x 2,5 x 160 12.9",8827.5,trusoni
AC20X180,"TORNILLO ALLEN CAB. CILINDRICA CALIDAD 12.9 DIN 912 Cil 20 x 2,5 x 180 12.9",9362.5,trusoni
AC20X200,"TORNILLO ALLEN CAB. CILINDRICA CALIDAD 12.9 DIN 912 Cil 20 x 2,5 x 200 12.9",10165.0,trusoni
AC20X250,"TORNILLO ALLEN CAB. CILINDRICA CALIDAD 12.9 DIN 912 Cil 20 x 2,5 x 250 12.9",10223.0,trusoni
AC20X300,"TORNILLO ALLEN CAB. CILINDRICA CALIDAD 12.9 DIN 912 Cil 20 x 2,5 x 300 12.9",27445.5,trusoni
AC22X60,"TORNILLO ALLEN CAB. CILINDRICA CALIDAD 12.9 DIN 912 Cil 22 x 2,50 x 60 12.9",4824.63,trusoni
AC22X70,"TORNILLO ALLEN CAB. CILINDRICA CALIDAD 12.9 DIN 912 Cil 22 x 2,50 x 70 12.9",5922.45,trusoni
AC22X80,"TORNILLO ALLEN CAB. CILINDRICA CALIDAD 12.9 DIN 912 Cil 22 x 2,50 x 80 12.9",6500.25,trusoni
AC22X90,"TORNILLO ALLEN CAB. CILINDRICA CALIDAD 12.9 DIN 912 Cil 22 x 2,50 x 90 12.9",6644.7,trusoni
AC22X100,"TORNILLO ALLEN CAB. CILINDRICA CALIDAD 12.9 DIN 912 Cil 22 x 2,50 x 100 12.9",6904.71,trusoni
AC22X110,"TORNILLO ALLEN CAB. CILINDRICA CALIDAD 12.9 DIN 912 Cil 22 x 2,50 x 110 12.9",7431.15,trusoni
AC22X120,"TORNILLO ALLEN CAB. CILINDRICA CALIDAD 12.9 DIN 912 Cil 22 x 2,50 x 120 12.9",7954.38,trusoni
AC22X130,"TORNILLO ALLEN CAB. CILINDRICA CALIDAD 12.9 DIN 912 Cil 22 x 2,50 x 130 12.9",8667.0,trusoni
AC22X140,"TORNILLO ALLEN CAB. CILINDRICA CALIDAD 12.9 DIN 912 Cil 22 x 2,50 x 140 12.9",9100.35,trusoni
AC22X150,"TORNILLO ALLEN CAB. CILINDRICA CALIDAD 12.9 DIN 912 Cil 22 x 2,50 x 150 12.9",9822.6,trusoni
AC22X160,"TORNILLO ALLEN CAB. CILINDRICA CALIDAD 12.9 DIN 912 Cil 22 x 2,50 x 160 12.9",10602.63,trusoni
AC22X180,"TORNILLO ALLEN CAB. CILINDRICA CALIDAD 12.9 DIN 912 Cil 22 x 2,50 x 180 12.9",13000.5,trusoni
AC22X200,"TORNILLO ALLEN CAB. CILINDRICA CALIDAD 12.9 DIN 912 Cil 22 x 2,50 x 200 12.9",14156.1,trusoni
AC24X50,"TORNILLO ALLEN CAB. CILINDRICA CALIDAD 12.9 DIN 912 Cil 24 x 3,00 x 50 12.9",5257.98,trusoni
AC24X60,"TORNILLO ALLEN CAB. CILINDRICA CALIDAD 12.9 DIN 912 Cil 24 x 3,00 x 60 12.9",6066.9,trusoni
AC24X70,"TORNILLO ALLEN CAB. CILINDRICA CALIDAD 12.9 DIN 912 Cil 24 x 3,00 x 70 12.9",6355.8,trusoni
AC24X80,"TORNILLO ALLEN CAB. CILINDRICA CALIDAD 12.9 DIN 912 Cil 24 x 3,00 x 80 12.9",7222.5,trusoni
AC24X90,"TORNILLO ALLEN CAB. CILINDRICA CALIDAD 12.9 DIN 912 Cil 24 x 3,00 x 90 12.9",7569.18,trusoni
AC24X100,"TORNILLO ALLEN CAB. CILINDRICA CALIDAD 12.9 DIN 912 Cil 24 x 3,00 x 100 12.9",8175.87,trusoni
AC24X110,"TORNILLO ALLEN CAB. CILINDRICA CALIDAD 12.9 DIN 912 Cil 24 x 3,00 x 110 12.9",8840.34,trusoni
AC24X120,"TORNILLO ALLEN CAB. CILINDRICA CALIDAD 12.9 DIN 912 Cil 24 x 3,00 x 120 12.9",9273.69,trusoni
AC24X130,"TORNILLO ALLEN CAB. CILINDRICA CALIDAD 12.9 DIN 912 Cil 24 x 3,00 x 130 12.9",10111.5,trusoni
AC24X140,"TORNILLO ALLEN CAB. CILINDRICA CALIDAD 12.9 DIN 912 Cil 24 x 3,00 x 140 12.9",11122.65,trusoni
AC24X150,"TORNILLO ALLEN CAB. CILINDRICA CALIDAD 12.9 DIN 912 Cil 24 x 3,00 x 150 12.9",11267.1,trusoni
AC24X160,"TORNILLO ALLEN CAB. CILINDRICA CALIDAD 12.9 DIN 912 Cil 24 x 3,00 x 160 12.9",11700.45,trusoni
AC24X180,"TORNILLO ALLEN CAB. CILINDRICA CALIDAD 12.9 DIN 912 Cil 24 x 3,00 x 180 12.9",13000.5,trusoni
AC24X200,"TORNILLO ALLEN CAB. CILINDRICA CALIDAD 12.9 DIN 912 Cil 24 x 3,00 x 200 12.9",14445.0,trusoni
AC30x70,"TORNILLO ALLEN CAB. CILINDRICA CALIDAD 12.9 DIN 912 Cil 30 x 3,50 x 70 12.9",11101.25,trusoni
AC30X80,"TORNILLO ALLEN CAB. CILINDRICA CALIDAD 12.9 DIN 912 Cil 30 x 3,50 x 80 12.9",11844.9,trusoni
AC30X90,"TORNILLO ALLEN CAB. CILINDRICA CALIDAD 12.9 DIN 912 Cil 30 x 3,50 x 90 12.9",13578.3,trusoni
AC30X100,"TORNILLO ALLEN CAB. CILINDRICA CALIDAD 12.9 DIN 912 Cil 30 x 3,50 x 100 12.9",14733.9,trusoni
AC30X120,"TORNILLO ALLEN CAB. CILINDRICA CALIDAD 12.9 DIN 912 Cil 30 x 3,50 x 120 12.9",16525.08,trusoni
AC30X140,"TORNILLO ALLEN CAB. CILINDRICA CALIDAD 12.9 DIN 912 Cil 30 x 3,50 x 140 12.9",18778.5,trusoni
AC30X150,"TORNILLO ALLEN CAB. CILINDRICA CALIDAD 12.9 DIN 912 Cil 30 x 3,50 x 150 12.9",21667.5,trusoni
AC30X180,"TORNILLO ALLEN CAB. CILINDRICA CALIDAD 12.9 DIN 912 Cil 30 x 3,50 x 180 12.9",22534.2,trusoni
AC30X200,"TORNILLO ALLEN CAB. CILINDRICA CALIDAD 12.9 DIN 912 Cil 30 x 3,50 x 200 12.9",24556.5,trusoni
CÓDIGO,TORNILLO ALLEN CAB. CILINDRICA CALIDAD 12.9 DIN 912 DESCRIPCIÓN,,trusoni
AC1/8X1/4,TORNILLO ALLEN CAB. CILINDRICA CALIDAD 12.9 DIN 912 Cil 1/8 - 40 x 1/4,321.0,trusoni
AC1/8X5/16,TORNILLO ALLEN CAB. CILINDRICA CALIDAD 12.9 DIN 912 Cil 1/8 - 40 x 5/16,272.85,trusoni
AC1/8X3/8,TORNILLO ALLEN CAB. CILINDRICA CALIDAD 12.9 DIN 912 Cil 1/8 - 40 x 3/8,278.2,trusoni
AC1/8X1/2,TORNILLO ALLEN CAB. CILINDRICA CALIDAD 12.9 DIN 912 Cil 1/8 - 40 x 1/2,294.25,trusoni
AC3/16X3/8,TORNILLO ALLEN CAB. CILINDRICA CALIDAD 12.9 DIN 912 Cil 3/16 - 24 x 3/8,57.78,trusoni
AC3/16X1/2,TORNILLO ALLEN CAB. CILINDRICA CALIDAD 12.9 DIN 912 Cil 3/16 - 24 x 1/2,64.2,trusoni
AC3/16X5/8,TORNILLO ALLEN CAB. CILINDRICA CALIDAD 12.9 DIN 912 Cil 3/16 - 24 x 5/8,67.41,trusoni
AC3/16X3/4,TORNILLO ALLEN CAB. CILINDRICA CALIDAD 12.9 DIN 912 Cil 3/16 - 24 x 3/4,69.55,trusoni
AC3/16X1 ,TORNILLO ALLEN CAB. CILINDRICA CALIDAD 12.9 DIN 912 Cil 3/16 - 24 x 1,85.6,trusoni
AC3/16X11/4,TORNILLO ALLEN CAB. CILINDRICA CALIDAD 12.9 DIN 912 Cil 3/16 - 24 x 11/4,101.65,trusoni
AC3/16X11/2,TORNILLO ALLEN CAB. CILINDRICA CALIDAD 12.9 DIN 912 Cil 3/16 - 24 x 11/2,114.49,trusoni
AC3/16X13/4,TORNILLO ALLEN CAB. CILINDRICA CALIDAD 12.9 DIN 912 Cil 3/16 - 24 x 13/4,139.1,trusoni
AC3/16X2,TORNILLO ALLEN CAB. CILINDRICA CALIDAD 12.9 DIN 912 Cil 3/16 - 24 x 2,153.01,trusoni
AC1/4X3/8,TORNILLO ALLEN CAB. CILINDRICA CALIDAD 12.9 DIN 912 Cil 1/4 - 20 x 3/8,88.81,trusoni
AC1/4X1/2,TORNILLO ALLEN CAB. CILINDRICA CALIDAD 12.9 DIN 912 Cil 1/4 - 20 x 1/2,90.95,trusoni
AC1/4X5/8,TORNILLO ALLEN CAB. CILINDRICA CALIDAD 12.9 DIN 912 Cil 1/4 - 20 x 5/8,101.65,trusoni
AC1/4X3/4,TORNILLO ALLEN CAB. CILINDRICA CALIDAD 12.9 DIN 912 Cil 1/4 - 20 x 3/4,112.35,trusoni
AC1/4X1 ,TORNILLO ALLEN CAB. CILINDRICA CALIDAD 12.9 DIN 912 Cil 1/4 - 20 x 1,121.98,trusoni
AC1/4X11/4,TORNILLO ALLEN CAB. CILINDRICA CALIDAD 12.9 DIN 912 Cil 1/4 - 20 x 11/4,139.1,trusoni
AC1/4X11/2,TORNILLO ALLEN CAB. CILINDRICA CALIDAD 12.9 DIN 912 Cil 1/4 - 20 x 11/2,165.85,trusoni
AC1/4X13/4,TORNILLO ALLEN CAB. CILINDRICA CALIDAD 12.9 DIN 912 Cil 1/4 - 20 x 13/4,192.6,trusoni
AC1/4X2,TORNILLO ALLEN CAB. CILINDRICA CALIDAD 12.9 DIN 912 Cil 1/4 - 20 x 2,230.05,trusoni
AC1/4X21/2,TORNILLO ALLEN CAB. CILINDRICA CALIDAD 12.9 DIN 912 Cil 1/4 - 20 x 21/2,267.5,trusoni
AC1/4X23/4,TORNILLO ALLEN CAB. CILINDRICA CALIDAD 12.9 DIN 912 Cil 1/4 - 20 x 23/4,347.75,trusoni
AC1/4X3,TORNILLO ALLEN CAB. CILINDRICA CALIDAD 12.9 DIN 912 Cil 1/4 - 20 x 3,401.25,trusoni
AC1/4X31/2,TORNILLO ALLEN CAB. CILINDRICA CALIDAD 12.9 DIN 912 Cil 1/4 - 20 x 31/2,481.5,trusoni
AC1/4X4,TORNILLO ALLEN CAB. CILINDRICA CALIDAD 12.9 DIN 912 Cil 1/4 - 20 x 4,775.75,trusoni
AC5/16X1/2,TORNILLO ALLEN CAB. CILINDRICA CALIDAD 12.9 DIN 912 Cil 5/16 - 18 x 1/2,149.8,trusoni
AC5/16X5/8,TORNILLO ALLEN CAB. CILINDRICA CALIDAD 12.9 DIN 912 Cil 5/16 - 18 x 5/8,170.13,trusoni
AC5/16X3/4,TORNILLO ALLEN CAB. CILINDRICA CALIDAD 12.9 DIN 912 Cil 5/16 - 18 x 3/4,174.41,trusoni
AC5/16X1 ,TORNILLO ALLEN CAB. CILINDRICA CALIDAD 12.9 DIN 912 Cil 5/16 - 18 x 1,197.95,trusoni
AC5/16X11/4,TORNILLO ALLEN CAB. CILINDRICA CALIDAD 12.9 DIN 912 Cil 5/16 - 18 x 11/4,234.33,trusoni
AC5/16X11/2,TORNILLO ALLEN CAB. CILINDRICA CALIDAD 12.9 DIN 912 Cil 5/16 - 18 x 11/2,249.31,trusoni
AC5/16X13/4,TORNILLO ALLEN CAB. CILINDRICA CALIDAD 12.9 DIN 912 Cil 5/16 - 18 x 13/4,294.25,trusoni
AC5/16X2,TORNILLO ALLEN CAB. CILINDRICA CALIDAD 12.9 DIN 912 Cil 5/16 - 18 x 2,304.95,trusoni
AC5/16X21/2,TORNILLO ALLEN CAB. CILINDRICA CALIDAD 12.9 DIN 912 Cil 5/16 - 18 x 21/2,415.16,trusoni
AC5/16X23/4,TORNILLO ALLEN CAB. CILINDRICA CALIDAD 12.9 DIN 912 Cil 5/16 - 18 x 23/4,457.96,trusoni
AC5/16X3 ,TORNILLO ALLEN CAB. CILINDRICA CALIDAD 12.9 DIN 912 Cil 5/16 - 18 x 3,486.85,trusoni
AC5/16X31/2,TORNILLO ALLEN CAB. CILINDRICA CALIDAD 12.9 DIN 912 Cil 5/16 - 18 x 31/2,577.8,trusoni
AC5/16X4,TORNILLO ALLEN CAB. CILINDRICA CALIDAD 12.9 DIN 912 Cil 5/16 - 18 x 4,770.4,trusoni
AC5/16X41/2,TORNILLO ALLEN CAB. CILINDRICA CALIDAD 12.9 DIN 912 Cil 5/16 - 18 x 41/2,989.75,trusoni
AC5/16X5 ,TORNILLO ALLEN CAB. CILINDRICA CALIDAD 12.9 DIN 912 Cil 5/16 - 18 x 5,1123.5,trusoni
AC3/8X1/2,TORNILLO ALLEN CAB. CILINDRICA CALIDAD 12.9 DIN 912 Cil 3/8 - 16 x 1/2,227.91,trusoni
AC3/8X3/4,TORNILLO ALLEN CAB. CILINDRICA CALIDAD 12.9 DIN 912 Cil 3/8 - 16 x 3/4,265.36,trusoni
AC3/8X1 ,TORNILLO ALLEN CAB. CILINDRICA CALIDAD 12.9 DIN 912 Cil 3/8 - 16 x 1,294.25,trusoni
AC3/8X11/4,TORNILLO ALLEN CAB. CILINDRICA CALIDAD 12.9 DIN 912 Cil 3/8 - 16 x 11/4,334.91,trusoni
AC3/8X11/2,TORNILLO ALLEN CAB. CILINDRICA CALIDAD 12.9 DIN 912 Cil 3/8 - 16 x 11/2,388.41,trusoni
AC3/8X13/4,TORNILLO ALLEN CAB. CILINDRICA CALIDAD 12.9 DIN 912 Cil 3/8 - 16 x 13/4,431.21,trusoni
AC3/8X2,TORNILLO ALLEN CAB. CILINDRICA CALIDAD 12.9 DIN 912 Cil 3/8 - 16 x 2,481.5,trusoni
AC3/8X21/2,TORNILLO ALLEN CAB. CILINDRICA CALIDAD 12.9 DIN 912 Cil 3/8 - 16 x 21/2,618.46,trusoni
AC3/8X23/4,TORNILLO ALLEN CAB. CILINDRICA CALIDAD 12.9 DIN 912 Cil 3/8 - 16 x 23/4,668.75,trusoni
AC3/8X3 ,TORNILLO ALLEN CAB. CILINDRICA CALIDAD 12.9 DIN 912 Cil 3/8 - 16 x 3,716.9,trusoni
AC3/8X31/2,TORNILLO ALLEN CAB. CILINDRICA CALIDAD 12.9 DIN 912 Cil 3/8 - 16 x 31/2,811.06,trusoni
AC3/8X4,TORNILLO ALLEN CAB. CILINDRICA CALIDAD 12.9 DIN 912 Cil 3/8 - 16 x 4,976.91,trusoni
AC3/8X41/2,TORNILLO ALLEN CAB. CILINDRICA CALIDAD 12.9 DIN 912 Cil 3/8 - 16 x 41/2,1083.91,trusoni
AC3/8X5,TORNILLO ALLEN CAB. CILINDRICA CALIDAD 12.9 DIN 912 Cil 3/8 - 16 x 5,1337.5,trusoni
AC3/8X6,TORNILLO ALLEN CAB. CILINDRICA CALIDAD 12.9 DIN 912 Cil 3/8 - 16 x 6,1605.0,trusoni
AC7/16X1,TORNILLO ALLEN CAB. CILINDRICA CALIDAD 12.9 DIN 912 Cil 7/16 - 14 x 1,460.1,trusoni
AC7/16X11/4,TORNILLO ALLEN CAB. CILINDRICA CALIDAD 12.9 DIN 912 Cil 7/16 - 14 x 11/4,513.6,trusoni
AC7/16X11/2,TORNILLO ALLEN CAB. CILINDRICA CALIDAD 12.9 DIN 912 Cil 7/16 - 14 x 11/2,575.66,trusoni
AC7/16X2,TORNILLO ALLEN CAB. CILINDRICA CALIDAD 12.9 DIN 912 Cil 7/16 - 14 x 2,813.2,trusoni
AC7/16X21/2,TORNILLO ALLEN CAB. CILINDRICA CALIDAD 12.9 DIN 912 Cil 7/16 - 14 x 21/2,864.56,trusoni
AC7/16X3,TORNILLO ALLEN CAB. CILINDRICA CALIDAD 12.9 DIN 912 Cil 7/16 - 14 x 3,1203.75,trusoni
AC7/16X31/2,TORNILLO ALLEN CAB. CILINDRICA CALIDAD 12.9 DIN 912 Cil 7/16 - 14 x 31/2,1551.5,trusoni
AC7/16X4,TORNILLO ALLEN CAB. CILINDRICA CALIDAD 12.9 DIN 912 Cil 7/16 - 14 x 4,1658.5,trusoni
AC1/2X3/4,TORNILLO ALLEN CAB. CILINDRICA CALIDAD 12.9 DIN 912 Cil 1/2 - 12 x 3/4 wth,642.0,trusoni
AC1/2X1,TORNILLO ALLEN CAB. CILINDRICA CALIDAD 12.9 DIN 912 Cil 1/2 - 12 x 1,668.75,trusoni
AC1/2X11/4,TORNILLO ALLEN CAB. CILINDRICA CALIDAD 12.9 DIN 912 Cil 1/2 - 12 x 11/4,695.5,trusoni
AC1/2X11/2,TORNILLO ALLEN CAB. CILINDRICA CALIDAD 12.9 DIN 912 Cil 1/2 - 12 x 11/2,816.41,trusoni
AC1/2X13/4,TORNILLO ALLEN CAB. CILINDRICA CALIDAD 12.9 DIN 912 Cil 1/2 - 12 x 13/4,909.5,trusoni
AC1/2X2,TORNILLO ALLEN CAB. CILINDRICA CALIDAD 12.9 DIN 912 Cil 1/2 - 12 x 2,955.51,trusoni
AC1/2X21/2,TORNILLO ALLEN CAB. CILINDRICA CALIDAD 12.9 DIN 912 Cil 1/2 - 12 x 21/2,1219.8,trusoni
AC1/2X23/4,TORNILLO ALLEN CAB. CILINDRICA CALIDAD 12.9 DIN 912 Cil 1/2 - 12 x 23/4,1257.25,trusoni
AC1/2X3 ,TORNILLO ALLEN CAB. CILINDRICA CALIDAD 12.9 DIN 912 Cil 1/2 - 12 x 3,1310.75,trusoni
AC1/2X31/2,TORNILLO ALLEN CAB. CILINDRICA CALIDAD 12.9 DIN 912 Cil 1/2 - 12 x 31/2,1444.5,trusoni
AC1/2X4,TORNILLO ALLEN CAB. CILINDRICA CALIDAD 12.9 DIN 912 Cil 1/2 - 12 x 4,1795.46,trusoni
AC1/2X41/2,TORNILLO ALLEN CAB. CILINDRICA CALIDAD 12.9 DIN 912 Cil 1/2 - 12 x 41/2,2140.0,trusoni
AC1/2X5,TORNILLO ALLEN CAB. CILINDRICA CALIDAD 12.9 DIN 912 Cil 1/2 - 12 x 5,2675.0,trusoni
AC1/2X6,TORNILLO ALLEN CAB. CILINDRICA CALIDAD 12.9 DIN 912 Cil 1/2 - 12 x 6,4012.5,trusoni
AC1/2X7,TORNILLO ALLEN CAB. CILINDRICA CALIDAD 12.9 DIN 912 Cil 1/2 - 12 x 7,6687.5,trusoni
AC1/2X8,TORNILLO ALLEN CAB. CILINDRICA CALIDAD 12.9 DIN 912 Cil 1/2 - 12 x 8,7490.0,trusoni
ACNC1/2X1,TORNILLO ALLEN CAB. CILINDRICA CALIDAD 12.9 DIN 912 Cil 1/2 - 13 x 1 NC,668.75,trusoni
ACNC1/2X11/4,TORNILLO ALLEN CAB. CILINDRICA CALIDAD 12.9 DIN 912 Cil 1/2 - 13 x 11/4,695.5,trusoni
ACNC1/2X11/2,TORNILLO ALLEN CAB. CILINDRICA CALIDAD 12.9 DIN 912 Cil 1/2 - 13 x 11/2,816.41,trusoni
ACNC1/2X13/4,TORNILLO ALLEN CAB. CILINDRICA CALIDAD 12.9 DIN 912 Cil 1/2 - 13 x 13/4,909.5,trusoni
ACNC1/2X2,TORNILLO ALLEN CAB. CILINDRICA CALIDAD 12.9 DIN 912 Cil 1/2 - 13 x 2,955.51,trusoni
ACNC1/2X21/2,TORNILLO ALLEN CAB. CILINDRICA CALIDAD 12.9 DIN 912 Cil 1/2 - 13 x 21/2,1203.75,trusoni
ACNC1/2X3,TORNILLO ALLEN CAB. CILINDRICA CALIDAD 12.9 DIN 912 Cil 1/2 - 13 x 3,1407.05,trusoni
ACNC1/2X31/4,TORNILLO ALLEN CAB. CILINDRICA CALIDAD 12.9 DIN 912 Cil 1/2 - 13 x 31/4,1631.75,trusoni
ACNC1/2X31/2,TORNILLO ALLEN CAB. CILINDRICA CALIDAD 12.9 DIN 912 Cil 1/2 - 13 x 31/2,1685.25,trusoni
ACNC1/2X4,TORNILLO ALLEN CAB. CILINDRICA CALIDAD 12.9 DIN 912 Cil 1/2 - 13 x 4,2059.75,trusoni
ACNC1/2X41/2,TORNILLO ALLEN CAB. CILINDRICA CALIDAD 12.9 DIN 912 Cil 1/2 - 13 x 41/2,2487.75,trusoni
ACNC1/2X5,TORNILLO ALLEN CAB. CILINDRICA CALIDAD 12.9 DIN 912 Cil 1/2 - 13 x 5,2675.0,trusoni
ACNC1/2X6,TORNILLO ALLEN CAB. CILINDRICA CALIDAD 12.9 DIN 912 Cil 1/2 - 13 x 6,3745.0,trusoni
ACNC1/2X7,TORNILLO ALLEN CAB. CILINDRICA CALIDAD 12.9 DIN 912 Cil 1/2 - 13 x 7,5350.0,trusoni
ACNC1/2X8,TORNILLO ALLEN CAB. CILINDRICA CALIDAD 12.9 DIN 912 Cil 1/2 - 13 x 8,6152.5,trusoni
AC5/8X11/4,TORNILLO ALLEN CAB. CILINDRICA CALIDAD 12.9 DIN 912 Cil 5/8 - 11 x 11/4,1337.5,trusoni
AC5/8X11/2,TORNILLO ALLEN CAB. CILINDRICA CALIDAD 12.9 DIN 912 Cil 5/8 - 11 x 11/2,1498.0,trusoni
AC5/8X2,TORNILLO ALLEN CAB. CILINDRICA CALIDAD 12.9 DIN 912 Cil 5/8 - 11 x 2,1637.1,trusoni
AC5/8X21/2,TORNILLO ALLEN CAB. CILINDRICA CALIDAD 12.9 DIN 912 Cil 5/8 - 11 x 21/2,1875.71,trusoni
AC5/8X3,TORNILLO ALLEN CAB. CILINDRICA CALIDAD 12.9 DIN 912 Cil 5/8 - 11 x 3,2284.45,trusoni
AC5/8X31/2,TORNILLO ALLEN CAB. CILINDRICA CALIDAD 12.9 DIN 912 Cil 5/8 - 11 x 31/2,2498.45,trusoni
AC5/8X4,TORNILLO ALLEN CAB. CILINDRICA CALIDAD 12.9 DIN 912 Cil 5/8 - 11 x 4,2915.75,trusoni
AC5/8X41/2,TORNILLO ALLEN CAB. CILINDRICA CALIDAD 12.9 DIN 912 Cil 5/8 - 11 x 41/2,3317.0,trusoni
AC5/8X5,TORNILLO ALLEN CAB. CILINDRICA CALIDAD 12.9 DIN 912 Cil 5/8 - 11 x 5,3905.5,trusoni
AC5/8X6,TORNILLO ALLEN CAB. CILINDRICA CALIDAD 12.9 DIN 912 Cil 5/8 - 11 x 6,5216.25,trusoni
AC5/8X7,TORNILLO ALLEN CAB. CILINDRICA CALIDAD 12.9 DIN 912 Cil 5/8 - 11 x 7,7757.5,trusoni
AC5/8X8,TORNILLO ALLEN CAB. CILINDRICA CALIDAD 12.9 DIN 912 Cil 5/8 - 11 x 8,9095.0,trusoni
AC5/8X10,TORNILLO ALLEN CAB. CILINDRICA CALIDAD 12.9 DIN 912 Cil 5/8 - 11 x 10,12572.5,trusoni
AC3/4X11/2,TORNILLO ALLEN CAB. CILINDRICA CALIDAD 12.9 DIN 912 Cil 3/4 - 10 x 11/2,2407.5,trusoni
AC3/4X2,TORNILLO ALLEN CAB. CILINDRICA CALIDAD 12.9 DIN 912 Cil 3/4 - 10 x 2,2728.5,trusoni
AC3/4X21/2,TORNILLO ALLEN CAB. CILINDRICA CALIDAD 12.9 DIN 912 Cil 3/4 - 10 x 21/2,3129.75,trusoni
AC3/4X3,TORNILLO ALLEN CAB. CILINDRICA CALIDAD 12.9 DIN 912 Cil 3/4 - 10 x 3,3771.75,trusoni
AC3/4X31/2,TORNILLO ALLEN CAB. CILINDRICA CALIDAD 12.9 DIN 912 Cil 3/4 - 10 x 31/2,4226.5,trusoni
AC3/4X4,TORNILLO ALLEN CAB. CILINDRICA CALIDAD 12.9 DIN 912 Cil 3/4 - 10 x 4,4681.25,trusoni
AC3/4X41/2,TORNILLO ALLEN CAB. CILINDRICA CALIDAD 12.9 DIN 912 Cil 3/4 - 10 x 41/2,5671.0,trusoni
AC3/4X5,TORNILLO ALLEN CAB. CILINDRICA CALIDAD 12.9 DIN 912 Cil 3/4 - 10 x 5,5992.0,trusoni
AC3/4X6,TORNILLO ALLEN CAB. CILINDRICA CALIDAD 12.9 DIN 912 Cil 3/4 - 10 x 6,8560.0,trusoni
AC3/4X7,TORNILLO ALLEN CAB. CILINDRICA CALIDAD 12.9 DIN 912 Cil 3/4 - 10 x 7,9095.0,trusoni
AC3/4X8,TORNILLO ALLEN CAB. CILINDRICA CALIDAD 12.9 DIN 912 Cil 3/4 - 10 x 8,10432.5,trusoni
AC3/4X10,TORNILLO ALLEN CAB. CILINDRICA CALIDAD 12.9 DIN 912 Cil 3/4 - 10 x 10,13375.0,trusoni
AC7/8X2,TORNILLO ALLEN CAB. CILINDRICA CALIDAD 12.9 DIN 912 Cil 7/8 - 9 x 2,5483.75,trusoni
AC7/8x21/2,TORNILLO ALLEN CAB. CILINDRICA CALIDAD 12.9 DIN 912 Cil 7/8 - 9 x 21/2,6553.75,trusoni
AC7/8x31/2,TORNILLO ALLEN CAB. CILINDRICA CALIDAD 12.9 DIN 912 Cil 7/8 - 9 x 31/2,8158.75,trusoni
AC7/8X4,TORNILLO ALLEN CAB. CILINDRICA CALIDAD 12.9 DIN 912 Cil 7/8 - 9 x 4,9630.0,trusoni
AC7/8X41/2,TORNILLO ALLEN CAB. CILINDRICA CALIDAD 12.9 DIN 912 Cil 7/8 - 9 x 41/2,10432.5,trusoni
AC7/8X5,TORNILLO ALLEN CAB. CILINDRICA CALIDAD 12.9 DIN 912 Cil 7/8 - 9 x 5,11903.75,trusoni
AC7/8X6,TORNILLO ALLEN CAB. CILINDRICA CALIDAD 12.9 DIN 912 Cil 7/8 - 9 x 6,13375.0,trusoni
AC7/8X7,TORNILLO ALLEN CAB. CILINDRICA CALIDAD 12.9 DIN 912 Cil 7/8 - 9 x 7,14980.0,trusoni
AC7/8x8,TORNILLO ALLEN CAB. CILINDRICA CALIDAD 12.9 DIN 912 Cil 7/8 - 9 x 8,16478.0,trusoni
AC1X3,TORNILLO ALLEN CAB. CILINDRICA CALIDAD 12.9 DIN 912 Cil 1 - 8 x 3,9630.0,trusoni
AC1x31/2,TORNILLO ALLEN CAB. CILINDRICA CALIDAD 12.9 DIN 912 Cil 1 - 8 x 31/2,11101.25,trusoni
AC1X4,TORNILLO ALLEN CAB. CILINDRICA CALIDAD 12.9 DIN 912 Cil 1 - 8 x 4,12572.5,trusoni
AC1x6,TORNILLO ALLEN CAB. CILINDRICA CALIDAD 12.9 DIN 912 Cil 1 - 8 x 6,16050.0,trusoni
AC1X8,TORNILLO ALLEN CAB. CILINDRICA CALIDAD 12.9 DIN 912 Cil 1 - 8 x 8,18725.0,trusoni
AC11/4X8,TORNILLO ALLEN CAB. CILINDRICA CALIDAD 12.9 DIN 912 Cil 11/4 - 7 x 8,37450.0,trusoni
AF3X6,"TORNILLO ALLEN CAB. FRESADA CALIDAD 10.9 DIN 7991 Fres 3 x 0,50 x 6 10.9",24.61,trusoni
AF3X8,"TORNILLO ALLEN CAB. FRESADA CALIDAD 10.9 DIN 7991 Fres 3 x 0,50 x 8 10.9",25.68,trusoni
AF3X10,"TORNILLO ALLEN CAB. FRESADA CALIDAD 10.9 DIN 7991 Fres 3 x 0,50 x 10 10.9",26.75,trusoni
AF3X12,"TORNILLO ALLEN CAB. FRESADA CALIDAD 10.9 DIN 7991 Fres 3 x 0,50 x 12 10.9",28.89,trusoni
AF3X16,"TORNILLO ALLEN CAB. FRESADA CALIDAD 10.9 DIN 7991 Fres 3 x 0,50 x 16 10.9",32.1,trusoni
AF3X20,"TORNILLO ALLEN CAB. FRESADA CALIDAD 10.9 DIN 7991 Fres 3 x 0,50 x 20 10.9",37.45,trusoni
AF3X25,"TORNILLO ALLEN CAB. FRESADA CALIDAD 10.9 DIN 7991 Fres 3 x 0,50 x 25 10.9",51.36,trusoni
AF3X30,"TORNILLO ALLEN CAB. FRESADA CALIDAD 10.9 DIN 7991 Fres 3 x 0,50 x 30 10.9",58.85,trusoni
AF3X35,"TORNILLO ALLEN CAB. FRESADA CALIDAD 10.9 DIN 7991 Fres 3 x 0,50 x 35 10.9",110.21,trusoni
AF3X40,"TORNILLO ALLEN CAB. FRESADA CALIDAD 10.9 DIN 7991 Fres 3 x 0,50 x 40 10.9",144.45,trusoni
AF4X8,"TORNILLO ALLEN CAB. FRESADA CALIDAD 10.9 DIN 7991 Fres 4 x 0,70 x 8 10.9",37.45,trusoni
AF4X10,"TORNILLO ALLEN CAB. FRESADA CALIDAD 10.9 DIN 7991 Fres 4 x 0,70 x 10 10.9",40.66,trusoni
AF4X12,"TORNILLO ALLEN CAB. FRESADA CALIDAD 10.9 DIN 7991 Fres 4 x 0,70 x 12 10.9",43.87,trusoni
AF4X16,"TORNILLO ALLEN CAB. FRESADA CALIDAD 10.9 DIN 7991 Fres 4 x 0,70 x 16 10.9",49.22,trusoni
AF4X20,"TORNILLO ALLEN CAB. FRESADA CALIDAD 10.9 DIN 7991 Fres 4 x 0,70 x 20 10.9",55.64,trusoni
AF4X25,"TORNILLO ALLEN CAB. FRESADA CALIDAD 10.9 DIN 7991 Fres 4 x 0,70 x 25 10.9",57.78,trusoni
AF4X30,"TORNILLO ALLEN CAB. FRESADA CALIDAD 10.9 DIN 7991 Fres 4 x 0,70 x 30 10.9",81.32,trusoni
AF4X35,"TORNILLO ALLEN CAB. FRESADA CALIDAD 10.9 DIN 7991 Fres 4 x 0,70 x 35 10.9",115.56,trusoni
AF4X40,"TORNILLO ALLEN CAB. FRESADA CALIDAD 10.9 DIN 7991 Fres 4 x 0,70 x 40 10.9",144.45,trusoni
AF4x50,"TORNILLO ALLEN CAB. FRESADA CALIDAD 10.9 DIN 7991 Fres 4 x 0,70 x 50 10.9",168.525,trusoni
AF5X10,"TORNILLO ALLEN CAB. FRESADA CALIDAD 10.9 DIN 7991 Fres 5 x 0,80 x 10 10.9",43.87,trusoni
AF5X12,"TORNILLO ALLEN CAB. FRESADA CALIDAD 10.9 DIN 7991 Fres 5 x 0,80 x 12 10.9",47.08,trusoni
AF5X16,"TORNILLO ALLEN CAB. FRESADA CALIDAD 10.9 DIN 7991 Fres 5 x 0,80 x 16 10.9",52.43,trusoni
AF5X20,"TORNILLO ALLEN CAB. FRESADA CALIDAD 10.9 DIN 7991 Fres 5 x 0,80 x 20 10.9",60.99,trusoni
AF5X25,"TORNILLO ALLEN CAB. FRESADA CALIDAD 10.9 DIN 7991 Fres 5 x 0,80 x 25 10.9",71.69,trusoni
AF5X30,"TORNILLO ALLEN CAB. FRESADA CALIDAD 10.9 DIN 7991 Fres 5 x 0,80 x 30 10.9",81.32,trusoni
AF5X35,"TORNILLO ALLEN CAB. FRESADA CALIDAD 10.9 DIN 7991 Fres 5 x 0,80 x 35 10.9",113.42,trusoni
AF5X40,"TORNILLO ALLEN CAB. FRESADA CALIDAD 10.9 DIN 7991 Fres 5 x 0,80 x 40 10.9",130.54,trusoni
AF5X50,"TORNILLO ALLEN CAB. FRESADA CALIDAD 10.9 DIN 7991 Fres 5 x 0,80 x 50 10.9",202.23,trusoni
AF6X10,"TORNILLO ALLEN CAB. FRESADA CALIDAD 10.9 DIN 7991 Fres 6 x 1,00 x 10 10.9",52.43,trusoni
AF6X12,"TORNILLO ALLEN CAB. FRESADA CALIDAD 10.9 DIN 7991 Fres 6 x 1,00 x 12 10.9",55.64,trusoni
AF6X16,"TORNILLO ALLEN CAB. FRESADA CALIDAD 10.9 DIN 7991 Fres 6 x 1,00 x 16 10.9",57.78,trusoni
AF6X20,"TORNILLO ALLEN CAB. FRESADA CALIDAD 10.9 DIN 7991 Fres 6 x 1,00 x 20 10.9",78.11,trusoni
AF6X25,"TORNILLO ALLEN CAB. FRESADA CALIDAD 10.9 DIN 7991 Fres 6 x 1,00 x 25 10.9",86.67,trusoni
AF6X30,"TORNILLO ALLEN CAB. FRESADA CALIDAD 10.9 DIN 7991 Fres 6 x 1,00 x 30 10.9",107.0,trusoni
AF6X35,"TORNILLO ALLEN CAB. FRESADA CALIDAD 10.9 DIN 7991 Fres 6 x 1,00 x 35 10.9",133.75,trusoni
AF6X40,"TORNILLO ALLEN CAB. FRESADA CALIDAD 10.9 DIN 7991 Fres 6 x 1,00 x 40 10.9",139.1,trusoni
AF6X50,"TORNILLO ALLEN CAB. FRESADA CALIDAD 10.9 DIN 7991 Fres 6 x 1,00 x 50 10.9",217.21,trusoni
AF6X60,"TORNILLO ALLEN CAB. FRESADA CALIDAD 10.9 DIN 7991 Fres 6 x 1,00 x 60 10.9",288.9,trusoni
AF8X16,"TORNILLO ALLEN CAB. FRESADA CALIDAD 10.9 DIN 7991 Fres 8 x 1,25 x 16 10.9",133.75,trusoni
AF8X20,"TORNILLO ALLEN CAB. FRESADA CALIDAD 10.9 DIN 7991 Fres 8 x 1,25 x 20 10.9",136.96,trusoni
AF8X25,"TORNILLO ALLEN CAB. FRESADA CALIDAD 10.9 DIN 7991 Fres 8 x 1,25 x 25 10.9",154.08,trusoni
AF8X30,"TORNILLO ALLEN CAB. FRESADA CALIDAD 10.9 DIN 7991 Fres 8 x 1,25 x 30 10.9",173.34,trusoni
AF8X35,"TORNILLO ALLEN CAB. FRESADA CALIDAD 10.9 DIN 7991 Fres 8 x 1,25 x 35 10.9",208.65,trusoni
AF8X40,"TORNILLO ALLEN CAB. FRESADA CALIDAD 10.9 DIN 7991 Fres 8 x 1,25 x 40 10.9",228.98,trusoni
AF8X50,"TORNILLO ALLEN CAB. FRESADA CALIDAD 10.9 DIN 7991 Fres 8 x 1,25 x 50 10.9",317.79,trusoni
AF8X60,"TORNILLO ALLEN CAB. FRESADA CALIDAD 10.9 DIN 7991 Fres 8 x 1,25 x 60 10.9",404.46,trusoni
AF8X70,"TORNILLO ALLEN CAB. FRESADA CALIDAD 10.9 DIN 7991 Fres 8 x 1,25 x 70 10.9",548.91,trusoni
AF8X80,"TORNILLO ALLEN CAB. FRESADA CALIDAD 10.9 DIN 7991 Fres 8 x 1,25 x 80 10.9",664.47,trusoni
AF8X90,"TORNILLO ALLEN CAB. FRESADA CALIDAD 10.9 DIN 7991 Fres 8 x 1,25 x 90 10.9",1040.04,trusoni
AF8X100,"TORNILLO ALLEN CAB. FRESADA CALIDAD 10.9 DIN 7991 Fres 8 x 1,25 x 100 10.9",1126.71,trusoni
AF10X20,"TORNILLO ALLEN CAB. FRESADA CALIDAD 10.9 DIN 7991 Fres 10 x 1,50 x 20 10.9",346.68,trusoni
AF10X25,"TORNILLO ALLEN CAB. FRESADA CALIDAD 10.9 DIN 7991 Fres 10 x 1,50 x 25 10.9",393.225,trusoni
AF10X30,"TORNILLO ALLEN CAB. FRESADA CALIDAD 10.9 DIN 7991 Fres 10 x 1,50 x 30 10.9",428.0,trusoni
AF10X35,"TORNILLO ALLEN CAB. FRESADA CALIDAD 10.9 DIN 7991 Fres 10 x 1,50 x 35 10.9",439.77,trusoni
AF10X40,"TORNILLO ALLEN CAB. FRESADA CALIDAD 10.9 DIN 7991 Fres 10 x 1,50 x 40 10.9",462.24,trusoni
AF10X50,"TORNILLO ALLEN CAB. FRESADA CALIDAD 10.9 DIN 7991 Fres 10 x 1,50 x 50 10.9",548.91,trusoni
AF10X60,"TORNILLO ALLEN CAB. FRESADA CALIDAD 10.9 DIN 7991 Fres 10 x 1,50 x 60 10.9",606.69,trusoni
AF10X70,"TORNILLO ALLEN CAB. FRESADA CALIDAD 10.9 DIN 7991 Fres 10 x 1,50 x 70 10.9",866.7,trusoni
AF10X80,"TORNILLO ALLEN CAB. FRESADA CALIDAD 10.9 DIN 7991 Fres 10 x 1,50 x 80 10.9",1040.04,trusoni
AF10X90,"TORNILLO ALLEN CAB. FRESADA CALIDAD 10.9 DIN 7991 Fres 10 x 1,50 x 90 10.9",1386.72,trusoni
AF10X100,"TORNILLO ALLEN CAB. FRESADA CALIDAD 10.9 DIN 7991 Fres 10 x 1,50 x 100 10.9",1502.28,trusoni
AF12X25,"TORNILLO ALLEN CAB. FRESADA CALIDAD 10.9 DIN 7991 Fres 12 x 1,75 x 25 10.9",393.76,trusoni
AF12X30,"TORNILLO ALLEN CAB. FRESADA CALIDAD 10.9 DIN 7991 Fres 12 x 1,75 x 30 10.9",572.45,trusoni
AF12X35,"TORNILLO ALLEN CAB. FRESADA CALIDAD 10.9 DIN 7991 Fres 12 x 1,75 x 35 10.9",635.58,trusoni
AF12X40,"TORNILLO ALLEN CAB. FRESADA CALIDAD 10.9 DIN 7991 Fres 12 x 1,75 x 40 10.9",664.47,trusoni
AF12X50,"TORNILLO ALLEN CAB. FRESADA CALIDAD 10.9 DIN 7991 Fres 12 x 1,75 x 50 10.9",751.14,trusoni
AF12X60,"TORNILLO ALLEN CAB. FRESADA CALIDAD 10.9 DIN 7991 Fres 12 x 1,75 x 60 10.9",924.48,trusoni
AF12X70,"TORNILLO ALLEN CAB. FRESADA CALIDAD 10.9 DIN 7991 Fres 12 x 1,75 x 70 10.9",1040.04,trusoni
AF12X80,"TORNILLO ALLEN CAB. FRESADA CALIDAD 10.9 DIN 7991 Fres 12 x 1,75 x 80 10.9",1242.27,trusoni
AF12x85,"TORNILLO ALLEN CAB. FRESADA CALIDAD 10.9 DIN 7991 Fres 12 x 1,75 x 85 10.9",2022.3,trusoni
AF12X90,"TORNILLO ALLEN CAB. FRESADA CALIDAD 10.9 DIN 7991 Fres 12 x 1,75 x 90 10.9",2166.75,trusoni
AF12X100,"TORNILLO ALLEN CAB. FRESADA CALIDAD 10.9 DIN 7991 Fres 12 x 1,75 x 100 10.9",2744.55,trusoni
AF16X30,"TORNILLO ALLEN CAB. FRESADA CALIDAD 10.9 DIN 7991 Fres 16 x 2,00 x 30 10.9",924.48,trusoni
AF16X35,"TORNILLO ALLEN CAB. FRESADA CALIDAD 10.9 DIN 7991 Fres 16 x 2,00 x 35 10.9",1040.04,trusoni
AF16X40,"TORNILLO ALLEN CAB. FRESADA CALIDAD 10.9 DIN 7991 Fres 16 x 2,00 x 40 10.9",1242.27,trusoni
AF16X50,"TORNILLO ALLEN CAB. FRESADA CALIDAD 10.9 DIN 7991 Fres 16 x 2,00 x 50 10.9",1444.5,trusoni
AF16X60,"TORNILLO ALLEN CAB. FRESADA CALIDAD 10.9 DIN 7991 Fres 16 x 2,00 x 60 10.9",1733.4,trusoni
AF16X70,"TORNILLO ALLEN CAB. FRESADA CALIDAD 10.9 DIN 7991 Fres 16 x 2,00 x 70 10.9",2166.75,trusoni
AF16X80,"TORNILLO ALLEN CAB. FRESADA CALIDAD 10.9 DIN 7991 Fres 16 x 2,00 x 80 10.9",2455.65,trusoni
AF20X40,"TORNILLO ALLEN CAB. FRESADA CALIDAD 10.9 DIN 7991 Fres 20 x 2,50 x 40 10.9",2628.99,trusoni
AF20X50,"TORNILLO ALLEN CAB. FRESADA CALIDAD 10.9 DIN 7991 Fres 20 x 2,50 x 50 10.9",2889.0,trusoni
AF20X60,"TORNILLO ALLEN CAB. FRESADA CALIDAD 10.9 DIN 7991 Fres 20 x 2,50 x 60 10.9",3177.9,trusoni
AF20X70,"TORNILLO ALLEN CAB. FRESADA CALIDAD 10.9 DIN 7991 Fres 20 x 2,50 x 70 10.9",3755.7,trusoni
AF20X80,"TORNILLO ALLEN CAB. FRESADA CALIDAD 10.9 DIN 7991 Fres 20 x 2,50 x 80 10.9",4477.95,trusoni
AF20X90,"TORNILLO ALLEN CAB. FRESADA CALIDAD 10.9 DIN 7991 Fres 20 x 2,50 x 90 10.9",4911.3,trusoni
AF20X100,"TORNILLO ALLEN CAB. FRESADA CALIDAD 10.9 DIN 7991 Fres 20 x 2,50 x 100 10.9",8089.2,trusoni
CÓDIGO,TORNILLO ALLEN CAB. FRESADA CALIDAD 10.9 DIN 7991 DESCRIPCIÓN,,trusoni
AF1/8X3/8,TORNILLO ALLEN CAB. FRESADA CALIDAD 10.9 DIN 7991 Fres 1/8 - 40 x 3/8,217.21,trusoni
AF1/8X1/2,TORNILLO ALLEN CAB. FRESADA CALIDAD 10.9 DIN 7991 Fres 1/8 - 40 x 1/2,221.49,trusoni
AF1/8X5/8,TORNILLO ALLEN CAB. FRESADA CALIDAD 10.9 DIN 7991 Fres 1/8 - 40 x 5/8,227.91,trusoni
AF1/8X3/4,TORNILLO ALLEN CAB. FRESADA CALIDAD 10.9 DIN 7991 Fres 1/8 - 40 x 3/4,240.75,trusoni
AF3/16X3/8,TORNILLO ALLEN CAB. FRESADA CALIDAD 10.9 DIN 7991 Fres 3/16 - 24 x 3/8,89.88,trusoni
AF3/16X1/2,TORNILLO ALLEN CAB. FRESADA CALIDAD 10.9 DIN 7991 Fres 3/16 - 24 x 1/2,93.09,trusoni
AF3/16X5/8,TORNILLO ALLEN CAB. FRESADA CALIDAD 10.9 DIN 7991 Fres 3/16 - 24 x 5/8,95.23,trusoni
AF3/16X3/4,TORNILLO ALLEN CAB. FRESADA CALIDAD 10.9 DIN 7991 Fres 3/16 - 24 x 3/4,104.86,trusoni
AF3/16X1 ,TORNILLO ALLEN CAB. FRESADA CALIDAD 10.9 DIN 7991 Fres 3/16 - 24 x 1,121.98,trusoni
AF3/16X11/4,TORNILLO ALLEN CAB. FRESADA CALIDAD 10.9 DIN 7991 Fres 3/16 - 24 x 11/4,127.33,trusoni
AF1/4X3/8,TORNILLO ALLEN CAB. FRESADA CALIDAD 10.9 DIN 7991 Fres 1/4 - 20 x 3/8,84.53,trusoni
AF1/4X1/2,TORNILLO ALLEN CAB. FRESADA CALIDAD 10.9 DIN 7991 Fres 1/4 - 20 x 1/2,86.67,trusoni
AF1/4X5/8,TORNILLO ALLEN CAB. FRESADA CALIDAD 10.9 DIN 7991 Fres 1/4 - 20 x 5/8,104.86,trusoni
AF1/4X3/4,TORNILLO ALLEN CAB. FRESADA CALIDAD 10.9 DIN 7991 Fres 1/4 - 20 x 3/4,110.21,trusoni
AF1/4X1 ,TORNILLO ALLEN CAB. FRESADA CALIDAD 10.9 DIN 7991 Fres 1/4 - 20 x 1,118.77,trusoni
AF1/4X11/4,TORNILLO ALLEN CAB. FRESADA CALIDAD 10.9 DIN 7991 Fres 1/4 - 20 x 11/4,142.31,trusoni
AF1/4X11/2,TORNILLO ALLEN CAB. FRESADA CALIDAD 10.9 DIN 7991 Fres 1/4 - 20 x 11/2,171.2,trusoni
AF1/4X13/4,TORNILLO ALLEN CAB. FRESADA CALIDAD 10.9 DIN 7991 Fres 1/4 - 20 x 13/4,208.65,trusoni
AF1/4X2,TORNILLO ALLEN CAB. FRESADA CALIDAD 10.9 DIN 7991 Fres 1/4 - 20 x 2,249.31,trusoni
AF5/16X1/2,TORNILLO ALLEN CAB. FRESADA CALIDAD 10.9 DIN 7991 Fres 5/16 - 18 x 1/2,169.06,trusoni
AF5/16X5/8,TORNILLO ALLEN CAB. FRESADA CALIDAD 10.9 DIN 7991 Fres 5/16 - 18 x 5/8,175.48,trusoni
AF5/16X3/4,TORNILLO ALLEN CAB. FRESADA CALIDAD 10.9 DIN 7991 Fres 5/16 - 18 x 3/4,179.76,trusoni
AF5/16X1 ,TORNILLO ALLEN CAB. FRESADA CALIDAD 10.9 DIN 7991 Fres 5/16 - 18 x 1,187.25,trusoni
AF5/16X11/4,TORNILLO ALLEN CAB. FRESADA CALIDAD 10.9 DIN 7991 Fres 5/16 - 18 x 11/4,227.91,trusoni
AF5/16X11/2,TORNILLO ALLEN CAB. FRESADA CALIDAD 10.9 DIN 7991 Fres 5/16 - 18 x 11/2,260.01,trusoni
AF5/16X13/4,TORNILLO ALLEN CAB. FRESADA CALIDAD 10.9 DIN 7991 Fres 5/16 - 18 x 13/4,347.75,trusoni
AF5/16X2,TORNILLO ALLEN CAB. FRESADA CALIDAD 10.9 DIN 7991 Fres 5/16 - 18 x 2,374.5,trusoni
AF3/8X1/2,TORNILLO ALLEN CAB. FRESADA CALIDAD 10.9 DIN 7991 Fres 3/8 - 16 x 1/2,267.5,trusoni
AF3/8X5/8,TORNILLO ALLEN CAB. FRESADA CALIDAD 10.9 DIN 7991 Fres 3/8 - 16 x 5/8,272.85,trusoni
AF3/8X3/4,TORNILLO ALLEN CAB. FRESADA CALIDAD 10.9 DIN 7991 Fres 3/8 - 16 x 3/4,278.2,trusoni
AF3/8X1 ,TORNILLO ALLEN CAB. FRESADA CALIDAD 10.9 DIN 7991 Fres 3/8 - 16 x 1,313.51,trusoni
AF3/8X11/4,TORNILLO ALLEN CAB. FRESADA CALIDAD 10.9 DIN 7991 Fres 3/8 - 16 x 11/4,345.61,trusoni
AF3/8X11/2,TORNILLO ALLEN CAB. FRESADA CALIDAD 10.9 DIN 7991 Fres 3/8 - 16 x 11/2,411.95,trusoni
AF3/8X2,TORNILLO ALLEN CAB. FRESADA CALIDAD 10.9 DIN 7991 Fres 3/8 - 16 x 2,497.55,trusoni
AF3/8X21/2,TORNILLO ALLEN CAB. FRESADA CALIDAD 10.9 DIN 7991 Fres 3/8 - 16 x 21/2,613.11,trusoni
AF3/8X3 ,TORNILLO ALLEN CAB. FRESADA CALIDAD 10.9 DIN 7991 Fres 3/8 - 16 x 3,789.66,trusoni
AFW1/2X11/2,TORNILLO ALLEN CAB. FRESADA CALIDAD 10.9 DIN 7991 Fres 1/2 - 12 x 11/2,1605.0,trusoni
AF1/2X3/4,TORNILLO ALLEN CAB. FRESADA CALIDAD 10.9 DIN 7991 Fres 1/2 - 13 x 3/4,1123.5,trusoni
AF1/2X1 ,TORNILLO ALLEN CAB. FRESADA CALIDAD 10.9 DIN 7991 Fres 1/2 - 13 x 1,1230.5,trusoni
AF1/2X11/4,TORNILLO ALLEN CAB. FRESADA CALIDAD 10.9 DIN 7991 Fres 1/2 - 13 x 11/4,1417.75,trusoni
AF1/2X11/2,TORNILLO ALLEN CAB. FRESADA CALIDAD 10.9 DIN 7991 Fres 1/2 - 13 x 11/2,1631.75,trusoni
AF1/2X2,TORNILLO ALLEN CAB. FRESADA CALIDAD 10.9 DIN 7991 Fres 1/2 - 13 x 2,1877.85,trusoni
AF1/2X21/2,TORNILLO ALLEN CAB. FRESADA CALIDAD 10.9 DIN 7991 Fres 1/2 - 13 x 21/2,2407.5,trusoni
AF1/2X3 ,TORNILLO ALLEN CAB. FRESADA CALIDAD 10.9 DIN 7991 Fres 1/2 - 13 x 3,2675.0,trusoni
GA3X4,"TORNILLO ALLEN SIN CABEZA 12.9 DIN 916 Sin Cabeza 3 x 0,50 x 4 12.9",31.03,trusoni
GA3X5,"TORNILLO ALLEN SIN CABEZA 12.9 DIN 916 Sin Cabeza 3 x 0,50 x 5 12.9",32.1,trusoni
GA3X6,"TORNILLO ALLEN SIN CABEZA 12.9 DIN 916 Sin Cabeza 3 x 0,50 x 6 12.9",33.17,trusoni
GA3X8,"TORNILLO ALLEN SIN CABEZA 12.9 DIN 916 Sin Cabeza 3 x 0,50 x 8 12.9",35.31,trusoni
GA3X10,"TORNILLO ALLEN SIN CABEZA 12.9 DIN 916 Sin Cabeza 3 x 0,50 x 10 12.9",37.45,trusoni
GA3X12,"TORNILLO ALLEN SIN CABEZA 12.9 DIN 916 Sin Cabeza 3 x 0,50 x 12 12.9",55.64,trusoni
GA3X16,"TORNILLO ALLEN SIN CABEZA 12.9 DIN 916 Sin Cabeza 3 x 0,50 x 16 12.9",60.99,trusoni
GA3X20,"TORNILLO ALLEN SIN CABEZA 12.9 DIN 916 Sin Cabeza 3 x 0,50 x 20 12.9",115.56,trusoni
GA4X4,"TORNILLO ALLEN SIN CABEZA 12.9 DIN 916 Sin Cabeza 4 x 0,70 x 4 12.9",22.47,trusoni
GA4X5,"TORNILLO ALLEN SIN CABEZA 12.9 DIN 916 Sin Cabeza 4 x 0,70 x 5 12.9",23.54,trusoni
GA4X6,"TORNILLO ALLEN SIN CABEZA 12.9 DIN 916 Sin Cabeza 4 x 0,70 x 6 12.9",24.61,trusoni
GA4X8,"TORNILLO ALLEN SIN CABEZA 12.9 DIN 916 Sin Cabeza 4 x 0,70 x 8 12.9",26.75,trusoni
GA4X10,"TORNILLO ALLEN SIN CABEZA 12.9 DIN 916 Sin Cabeza 4 x 0,70 x 10 12.9",37.45,trusoni
GA4X12,"TORNILLO ALLEN SIN CABEZA 12.9 DIN 916 Sin Cabeza 4 x 0,70 x 12 12.9",47.08,trusoni
GA4X16,"TORNILLO ALLEN SIN CABEZA 12.9 DIN 916 Sin Cabeza 4 x 0,70 x 16 12.9",69.55,trusoni
GA4X20,"TORNILLO ALLEN SIN CABEZA 12.9 DIN 916 Sin Cabeza 4 x 0,70 x 20 12.9",84.53,trusoni
GA4X25,"TORNILLO ALLEN SIN CABEZA 12.9 DIN 916 Sin Cabeza 4 x 0,70 x 25 12.9",144.45,trusoni
GA5X5,"TORNILLO ALLEN SIN CABEZA 12.9 DIN 916 Sin Cabeza 5 x 0,80 x 5 12.9",32.1,trusoni
GA5X6,"TORNILLO ALLEN SIN CABEZA 12.9 DIN 916 Sin Cabeza 5 x 0,80 x 6 12.9",33.17,trusoni
GA5X8,"TORNILLO ALLEN SIN CABEZA 12.9 DIN 916 Sin Cabeza 5 x 0,80 x 8 12.9",35.31,trusoni
GA5X10,"TORNILLO ALLEN SIN CABEZA 12.9 DIN 916 Sin Cabeza 5 x 0,80 x 10 12.9",40.66,trusoni
GA5X12,"TORNILLO ALLEN SIN CABEZA 12.9 DIN 916 Sin Cabeza 5 x 0,80 x 12 12.9",43.87,trusoni
GA5X16,"TORNILLO ALLEN SIN CABEZA 12.9 DIN 916 Sin Cabeza 5 x 0,80 x 16 12.9",72.76,trusoni
GA5X20,"TORNILLO ALLEN SIN CABEZA 12.9 DIN 916 Sin Cabeza 5 x 0,80 x 20 12.9",86.67,trusoni
GA5X25,"TORNILLO ALLEN SIN CABEZA 12.9 DIN 916 Sin Cabeza 5 x 0,80 x 25 12.9",113.42,trusoni
GA5X30,"TORNILLO ALLEN SIN CABEZA 12.9 DIN 916 Sin Cabeza 5 x 0,80 x 30 12.9",130.54,trusoni
GA5X35,"TORNILLO ALLEN SIN CABEZA 12.9 DIN 916 Sin Cabeza 5 x 0,80 x 35 12.9",154.08,trusoni
GA5X50,"TORNILLO ALLEN SIN CABEZA 12.9 DIN 916 Sin Cabeza 5 x 0,80 x 50 12.9",205.44,trusoni
GA6X6,"TORNILLO ALLEN SIN CABEZA 12.9 DIN 916 Sin Cabeza 6 x 1,00 x 6 12.9",32.1,trusoni
GA6X8,"TORNILLO ALLEN SIN CABEZA 12.9 DIN 916 Sin Cabeza 6 x 1,00 x 8 12.9",39.59,trusoni
GA6X10,"TORNILLO ALLEN SIN CABEZA 12.9 DIN 916 Sin Cabeza 6 x 1,00 x 10 12.9",43.87,trusoni
GA6X12,"TORNILLO ALLEN SIN CABEZA 12.9 DIN 916 Sin Cabeza 6 x 1,00 x 12 12.9",52.43,trusoni
GA6X16,"TORNILLO ALLEN SIN CABEZA 12.9 DIN 916 Sin Cabeza 6 x 1,00 x 16 12.9",81.32,trusoni
GA6X20,"TORNILLO ALLEN SIN CABEZA 12.9 DIN 916 Sin Cabeza 6 x 1,00 x 20 12.9",96.3,trusoni
GA6X25,"TORNILLO ALLEN SIN CABEZA 12.9 DIN 916 Sin Cabeza 6 x 1,00 x 25 12.9",133.75,trusoni
GA6X30,"TORNILLO ALLEN SIN CABEZA 12.9 DIN 916 Sin Cabeza 6 x 1,00 x 30 12.9",155.15,trusoni
GA6X35,"TORNILLO ALLEN SIN CABEZA 12.9 DIN 916 Sin Cabeza 6 x 1,00 x 35 12.9",173.34,trusoni
GA6X40,"TORNILLO ALLEN SIN CABEZA 12.9 DIN 916 Sin Cabeza 6 x 1,00 x 40 12.9",260.01,trusoni
GA6X50,"TORNILLO ALLEN SIN CABEZA 12.9 DIN 916 Sin Cabeza 6 x 1,00 x 50 12.9",401.25,trusoni
GA6X60,"TORNILLO ALLEN SIN CABEZA 12.9 DIN 916 Sin Cabeza 6 x 1,00 x 60 12.9",535.0,trusoni
GA6X70,"TORNILLO ALLEN SIN CABEZA 12.9 DIN 916 Sin Cabeza 6 x 1,00 x 70 12.9",588.5,trusoni
GA8x6 ,"TORNILLO ALLEN SIN CABEZA 12.9 DIN 916 Sin Cabeza 8 x 1,25 x 6 12.9",62.06,trusoni
GA8X8,"TORNILLO ALLEN SIN CABEZA 12.9 DIN 916 Sin Cabeza 8 x 1,25 x 8 12.9",64.2,trusoni
GA8X10,"TORNILLO ALLEN SIN CABEZA 12.9 DIN 916 Sin Cabeza 8 x 1,25 x 10 12.9",69.55,trusoni
GA8X12,"TORNILLO ALLEN SIN CABEZA 12.9 DIN 916 Sin Cabeza 8 x 1,25 x 12 12.9",74.9,trusoni
GA8X16,"TORNILLO ALLEN SIN CABEZA 12.9 DIN 916 Sin Cabeza 8 x 1,25 x 16 12.9",104.86,trusoni
GA8X20,"TORNILLO ALLEN SIN CABEZA 12.9 DIN 916 Sin Cabeza 8 x 1,25 x 20 12.9",135.89,trusoni
GA8X25,"TORNILLO ALLEN SIN CABEZA 12.9 DIN 916 Sin Cabeza 8 x 1,25 x 25 12.9",149.8,trusoni
GA8X30,"TORNILLO ALLEN SIN CABEZA 12.9 DIN 916 Sin Cabeza 8 x 1,25 x 30 12.9",190.46,trusoni
GA8X35,"TORNILLO ALLEN SIN CABEZA 12.9 DIN 916 Sin Cabeza 8 x 1,25 x 35 12.9",283.55,trusoni
GA8X40,"TORNILLO ALLEN SIN CABEZA 12.9 DIN 916 Sin Cabeza 8 x 1,25 x 40 12.9",318.86,trusoni
GA8X50,"TORNILLO ALLEN SIN CABEZA 12.9 DIN 916 Sin Cabeza 8 x 1,25 x 50 12.9",492.2,trusoni
GA8X60,"TORNILLO ALLEN SIN CABEZA 12.9 DIN 916 Sin Cabeza 8 x 1,25 x 60 12.9",802.5,trusoni
GA8X70,"TORNILLO ALLEN SIN CABEZA 12.9 DIN 916 Sin Cabeza 8 x 1,25 x 70 12.9",936.25,trusoni
GA8X80,"TORNILLO ALLEN SIN CABEZA 12.9 DIN 916 Sin Cabeza 8 1 x1,25 x 80 12.9",1070.0,trusoni
GA10X10,"TORNILLO ALLEN SIN CABEZA 12.9 DIN 916 Sin Cabeza 10 x 1,50 x 10 12.9",118.77,trusoni
GA10X12,"TORNILLO ALLEN SIN CABEZA 12.9 DIN 916 Sin Cabeza 10 x 1,50 x 12 12.9",130.54,trusoni
GA10X16,"TORNILLO ALLEN SIN CABEZA 12.9 DIN 916 Sin Cabeza 10 x 1,50 x 16 12.9",200.09,trusoni
GA10X20,"TORNILLO ALLEN SIN CABEZA 12.9 DIN 916 Sin Cabeza 10 x 1,50 x 20 12.9",246.1,trusoni
GA10X25,"TORNILLO ALLEN SIN CABEZA 12.9 DIN 916 Sin Cabeza 10 x 1,50 x 25 12.9",310.3,trusoni
GA10X30,"TORNILLO ALLEN SIN CABEZA 12.9 DIN 916 Sin Cabeza 10 x 1,50 x 30 12.9",374.5,trusoni
GA10X35,"TORNILLO ALLEN SIN CABEZA 12.9 DIN 916 Sin Cabeza 10 x 1,50 x 35 12.9",497.55,trusoni
GA10X40,"TORNILLO ALLEN SIN CABEZA 12.9 DIN 916 Sin Cabeza 10 x 1,50 x 40 12.9",554.26,trusoni
GA10X50,"TORNILLO ALLEN SIN CABEZA 12.9 DIN 916 Sin Cabeza 10 x 1,50 x 50 12.9",695.5,trusoni
GA10X60,"TORNILLO ALLEN SIN CABEZA 12.9 DIN 916 Sin Cabeza 10 x1,50 x 60 12.9",1016.5,trusoni
GA10X70,"TORNILLO ALLEN SIN CABEZA 12.9 DIN 916 Sin Cabeza 10 x 1,50 x 70 12.9",1284.0,trusoni
GA10X80,"TORNILLO ALLEN SIN CABEZA 12.9 DIN 916 Sin Cabeza 10 x 1,50 x 80 12.9",1551.5,trusoni
GA12X12,"TORNILLO ALLEN SIN CABEZA 12.9 DIN 916 Sin Cabeza 12 x 1,75 x 12 12.9",211.86,trusoni
GA12X16,"TORNILLO ALLEN SIN CABEZA 12.9 DIN 916 Sin Cabeza 12 x 1,75 x 16 12.9",262.15,trusoni
GA12X20,"TORNILLO ALLEN SIN CABEZA 12.9 DIN 916 Sin Cabeza 12 x 1,75 x 20 12.9",340.26,trusoni
GA12X25,"TORNILLO ALLEN SIN CABEZA 12.9 DIN 916 Sin Cabeza 12 x 1,75 x 25 12.9",436.56,trusoni
GA12X30,"TORNILLO ALLEN SIN CABEZA 12.9 DIN 916 Sin Cabeza 12 x 1,75 x 30 12.9",540.35,trusoni
GA12X35,"TORNILLO ALLEN SIN CABEZA 12.9 DIN 916 Sin Cabeza 12 x 1,75 x 35 12.9",664.47,trusoni
GA12X40,"TORNILLO ALLEN SIN CABEZA 12.9 DIN 916 Sin Cabeza 12 x 1,75 x 40 12.9",766.12,trusoni
GA12X50,"TORNILLO ALLEN SIN CABEZA 12.9 DIN 916 Sin Cabeza 12 x 1,75 x 50 12.9",989.75,trusoni
GA12X60,"TORNILLO ALLEN SIN CABEZA 12.9 DIN 916 Sin Cabeza 12 x 1,75 x 60 12.9",1300.05,trusoni
GA12X70,"TORNILLO ALLEN SIN CABEZA 12.9 DIN 916 Sin Cabeza 12 x 1,75 x 70 12.9",1733.4,trusoni
GA14X16,"TORNILLO ALLEN SIN CABEZA 12.9 DIN 916 Sin Cabeza 14 x 2,00 x 16 12.9",481.5,trusoni
GA14X20,"TORNILLO ALLEN SIN CABEZA 12.9 DIN 916 Sin Cabeza 14 x 2,00 x 20 12.9",535.0,trusoni
GA14X25,"TORNILLO ALLEN SIN CABEZA 12.9 DIN 916 Sin Cabeza 14 x 2,00 x 25 12.9",936.25,trusoni
GA14X30,"TORNILLO ALLEN SIN CABEZA 12.9 DIN 916 Sin Cabeza 14 x 2,00 x 30 12.9",1096.75,trusoni
GA14X35,"TORNILLO ALLEN SIN CABEZA 12.9 DIN 916 Sin Cabeza 14 x 2,00 x 35 12.9",1230.5,trusoni
GA14X40,"TORNILLO ALLEN SIN CABEZA 12.9 DIN 916 Sin Cabeza 14 x 2,00 x 40 12.9",1337.5,trusoni
GA14X50,"TORNILLO ALLEN SIN CABEZA 12.9 DIN 916 Sin Cabeza 14 x 2,00 x 50 12.9",2140.0,trusoni
GA14X60,"TORNILLO ALLEN SIN CABEZA 12.9 DIN 916 Sin Cabeza 14 x 2,00 x 60 12.9",3076.25,trusoni
GA14X70,"TORNILLO ALLEN SIN CABEZA 12.9 DIN 916 Sin Cabeza 14 x 2,00 x 70 12.9",4815.0,trusoni
GA16X16,"TORNILLO ALLEN SIN CABEZA 12.9 DIN 916 Sin Cabeza 16 x 2,00 x 16 12.9",749.0,trusoni
GA16X20,"TORNILLO ALLEN SIN CABEZA 12.9 DIN 916 Sin Cabeza 16 x 2,00 x 20 12.9",802.5,trusoni
GA16X25,"TORNILLO ALLEN SIN CABEZA 12.9 DIN 916 Sin Cabeza 16 x 2,00 x 25 12.9",936.25,trusoni
GA16X30,"TORNILLO ALLEN SIN CABEZA 12.9 DIN 916 Sin Cabeza 16 x 2,00 x 30 12.9",1016.5,trusoni
GA16X35,"TORNILLO ALLEN SIN CABEZA 12.9 DIN 916 Sin Cabeza 16 x 2,00 x 35 12.9",1203.75,trusoni
GA16X40,"TORNILLO ALLEN SIN CABEZA 12.9 DIN 916 Sin Cabeza 16 x 2,00 x 40 12.9",1337.5,trusoni
GA16X50,"TORNILLO ALLEN SIN CABEZA 12.9 DIN 916 Sin Cabeza 16 x 2,00 x 50 12.9",2140.0,trusoni
GA16X60,"TORNILLO ALLEN SIN CABEZA 12.9 DIN 916 Sin Cabeza 16 x 2,00 x 60 12.9",3156.5,trusoni
GA16X70,"TORNILLO ALLEN SIN CABEZA 12.9 DIN 916 Sin Cabeza 16 x 2,00 x 70 12.9",3343.75,trusoni
CÓDIGO,TORNILLO ALLEN SIN CABEZA 12.9 DIN 916 DESCRIPCIÓN,,trusoni
GA3/16X3/16,TORNILLO ALLEN SIN CABEZA 12.9 DIN 916 Sin Cabeza 3/16 - 24 x 3/16,43.87,trusoni
GA3/16X1/4,TORNILLO ALLEN SIN CABEZA 12.9 DIN 916 Sin Cabeza 3/16 - 24 x 1/4,46.01,trusoni
GA3/16X5/16,TORNILLO ALLEN SIN CABEZA 12.9 DIN 916 Sin Cabeza 3/16 - 24 x 5/16,49.22,trusoni
GA3/16X3/8,TORNILLO ALLEN SIN CABEZA 12.9 DIN 916 Sin Cabeza 3/16 - 24 x 3/8,55.64,trusoni
GA3/16X1/2,TORNILLO ALLEN SIN CABEZA 12.9 DIN 916 Sin Cabeza 3/16 - 24 x 1/2,69.55,trusoni
GA3/16X5/8,TORNILLO ALLEN SIN CABEZA 12.9 DIN 916 Sin Cabeza 3/16 - 24 x 5/8,78.11,trusoni
GA3/16X3/4,TORNILLO ALLEN SIN CABEZA 12.9 DIN 916 Sin Cabeza 3/16 - 24 x 3/4,115.56,trusoni
GA1/4X1/4,TORNILLO ALLEN SIN CABEZA 12.9 DIN 916 Sin Cabeza 1/4 - 20 x 1/4,47.08,trusoni
GA1/4X5/16,TORNILLO ALLEN SIN CABEZA 12.9 DIN 916 Sin Cabeza 1/4 - 20 x 5/16,51.36,trusoni
GA1/4X3/8,TORNILLO ALLEN SIN CABEZA 12.9 DIN 916 Sin Cabeza 1/4 - 20 x 3/8,55.64,trusoni
GA1/4X1/2,TORNILLO ALLEN SIN CABEZA 12.9 DIN 916 Sin Cabeza 1/4 - 20 x 1/2,58.85,trusoni
GA1/4X5/8,TORNILLO ALLEN SIN CABEZA 12.9 DIN 916 Sin Cabeza 1/4 - 20 x 5/8,81.32,trusoni
GA1/4X3/4,TORNILLO ALLEN SIN CABEZA 12.9 DIN 916 Sin Cabeza 1/4 - 20 x 3/4,96.3,trusoni
GA1/4X7/8,TORNILLO ALLEN SIN CABEZA 12.9 DIN 916 Sin Cabeza 1/4 - 20 x 7/8,125.19,trusoni
GA1/4x1,TORNILLO ALLEN SIN CABEZA 12.9 DIN 916 Sin Cabeza 1/4 - 20 x 1,139.1,trusoni
GA1/4X11/4,TORNILLO ALLEN SIN CABEZA 12.9 DIN 916 Sin Cabeza 1/4 - 20 x 11/4,202.23,trusoni
GA1/4X11/2,TORNILLO ALLEN SIN CABEZA 12.9 DIN 916 Sin Cabeza 1/4 - 20 x 11/2,288.9,trusoni
GA5/16X5/16,TORNILLO ALLEN SIN CABEZA 12.9 DIN 916 Sin Cabeza 5/16 - 18 x 5/16,75.97,trusoni
GA5/16X3/8,TORNILLO ALLEN SIN CABEZA 12.9 DIN 916 Sin Cabeza 5/16 - 18 x 3/8,78.11,trusoni
GA5/16X1/2,TORNILLO ALLEN SIN CABEZA 12.9 DIN 916 Sin Cabeza 5/16 - 18 x 1/2,98.44,trusoni
GA5/16X5/8,TORNILLO ALLEN SIN CABEZA 12.9 DIN 916 Sin Cabeza 5/16 - 18 x 5/8,113.42,trusoni
GA5/16X3/4,TORNILLO ALLEN SIN CABEZA 12.9 DIN 916 Sin Cabeza 5/16 - 18 x 3/4,133.75,trusoni
GA5/16x1,TORNILLO ALLEN SIN CABEZA 12.9 DIN 916 Sin Cabeza 5/16 - 18 x 1,181.9,trusoni
GA5/16X11/4,TORNILLO ALLEN SIN CABEZA 12.9 DIN 916 Sin Cabeza 5/16 - 18 x 11/4,346.68,trusoni
GA5/16X11/2,TORNILLO ALLEN SIN CABEZA 12.9 DIN 916 Sin Cabeza 5/16 - 18 x 11/2,577.8,trusoni
GA3/8X3/8,TORNILLO ALLEN SIN CABEZA 12.9 DIN 916 Sin Cabeza 3/8 - 16 x 3/8,107.0,trusoni
GA3/8X1/2,TORNILLO ALLEN SIN CABEZA 12.9 DIN 916 Sin Cabeza 3/8 - 16 x 1/2,121.98,trusoni
GA3/8X5/8,TORNILLO ALLEN SIN CABEZA 12.9 DIN 916 Sin Cabeza 3/8 - 16 x 5/8,154.08,trusoni
GA3/8X3/4,TORNILLO ALLEN SIN CABEZA 12.9 DIN 916 Sin Cabeza 3/8 - 16 x 3/4,184.04,trusoni
GA3/8x1,TORNILLO ALLEN SIN CABEZA 12.9 DIN 916 Sin Cabeza 3/8 - 16 x 1,234.33,trusoni
GA3/8X11/4,TORNILLO ALLEN SIN CABEZA 12.9 DIN 916 Sin Cabeza 3/8 - 16 x 11/4,375.57,trusoni
GA3/8X11/2,TORNILLO ALLEN SIN CABEZA 12.9 DIN 916 Sin Cabeza 3/8 - 16 x 11/2,462.24,trusoni
GA3/8x2,TORNILLO ALLEN SIN CABEZA 12.9 DIN 916 Sin Cabeza 3/8 - 16 x 2,805.71,trusoni
GA3/8X21/2,TORNILLO ALLEN SIN CABEZA 12.9 DIN 916 Sin Cabeza 3/8 - 16 x 21/2,1043.25,trusoni
GA3/8x3,TORNILLO ALLEN SIN CABEZA 12.9 DIN 916 Sin Cabeza 3/8 - 16 x 3,1588.95,trusoni
GA1/2X1/2,TORNILLO ALLEN SIN CABEZA 12.9 DIN 916 Sin Cabeza 1/2 - 12 x 1/2 wht,267.5,trusoni
GA1/2X5/8,TORNILLO ALLEN SIN CABEZA 12.9 DIN 916 Sin Cabeza 1/2 - 12 x 5/8,347.75,trusoni
GA1/2X3/4,TORNILLO ALLEN SIN CABEZA 12.9 DIN 916 Sin Cabeza 1/2 - 12 x 3/4,422.65,trusoni
GA1/2x1,TORNILLO ALLEN SIN CABEZA 12.9 DIN 916 Sin Cabeza 1/2 - 12 x 1,454.75,trusoni
GA1/2X11/4,TORNILLO ALLEN SIN CABEZA 12.9 DIN 916 Sin Cabeza 1/2 - 12 x 11/4,802.5,trusoni
GA1/2X11/2,TORNILLO ALLEN SIN CABEZA 12.9 DIN 916 Sin Cabeza 1/2 - 12 x 11/2,936.25,trusoni
GA1/2x2,TORNILLO ALLEN SIN CABEZA 12.9 DIN 916 Sin Cabeza 1/2 - 12 x 2,1203.75,trusoni
GA1/2X21/2,TORNILLO ALLEN SIN CABEZA 12.9 DIN 916 Sin Cabeza 1/2 - 12 x 21/2,1738.75,trusoni
GA1/2x3,TORNILLO ALLEN SIN CABEZA 12.9 DIN 916 Sin Cabeza 1/2 - 12 x 3,1872.5,trusoni
GANC1/2X5/8,TORNILLO ALLEN SIN CABEZA 12.9 DIN 916 Sin Cabeza 1/2 - 13 x 5/8,347.75,trusoni
GANC1/2X11/2,TORNILLO ALLEN SIN CABEZA 12.9 DIN 916 Sin Cabeza 1/2 - 13 x 11/2,936.25,trusoni
GANC1/2X21/2,TORNILLO ALLEN SIN CABEZA 12.9 DIN 916 Sin Cabeza 1/2 - 13 x 21/2,1738.75,trusoni
GA5/8X5/8,TORNILLO ALLEN SIN CABEZA 12.9 DIN 916 Sin Cabeza 5/8 - 11 x 5/8,695.5,trusoni
GA5/8X3/4,TORNILLO ALLEN SIN CABEZA 12.9 DIN 916 Sin Cabeza 5/8 - 11 x 3/4,829.25,trusoni
GA5/8x1,TORNILLO ALLEN SIN CABEZA 12.9 DIN 916 Sin Cabeza 5/8 - 11 x 1,936.25,trusoni
GA5/8X11/4,TORNILLO ALLEN SIN CABEZA 12.9 DIN 916 Sin Cabeza 5/8 - 11 x 11/4,1150.25,trusoni
GA5/8X11/2,TORNILLO ALLEN SIN CABEZA 12.9 DIN 916 Sin Cabeza 5/8 - 11 x 11/2,1230.5,trusoni
GA5/8x2,TORNILLO ALLEN SIN CABEZA 12.9 DIN 916 Sin Cabeza 5/8 - 11 x 2,2835.5,trusoni
GA5/8X21/2,TORNILLO ALLEN SIN CABEZA 12.9 DIN 916 Sin Cabeza 5/8 - 11 x 21/2,3236.75,trusoni
GA5/8x3,TORNILLO ALLEN SIN CABEZA 12.9 DIN 916 Sin Cabeza 5/8 - 11 x 3,4306.75,trusoni
AB3X6,"TORNILLO ALLEN CAB. BOTÓN CALIDAD 10.9 ISO 7380 Botón 3 x 0,50 x 6 10.9",69.55,trusoni
AB3X8,"TORNILLO ALLEN CAB. BOTÓN CALIDAD 10.9 ISO 7380 Botón 3 x 0,50 x 8 10.9",81.32,trusoni
AB3X10,"TORNILLO ALLEN CAB. BOTÓN CALIDAD 10.9 ISO 7380 Botón 3 x 0,50 x 10 10.9",86.67,trusoni
AB3X12,"TORNILLO ALLEN CAB. BOTÓN CALIDAD 10.9 ISO 7380 Botón 3 x 0,50 x 12 10.9",93.09,trusoni
AB3X16,"TORNILLO ALLEN CAB. BOTÓN CALIDAD 10.9 ISO 7380 Botón 3 x 0,50 x 16 10.9",104.86,trusoni
AB3X20,"TORNILLO ALLEN CAB. BOTÓN CALIDAD 10.9 ISO 7380 Botón 3 x 0,50 x 20 10.9",110.21,trusoni
AB3X25,"TORNILLO ALLEN CAB. BOTÓN CALIDAD 10.9 ISO 7380 Botón 3 x 0,50 x 25 10.9",130.54,trusoni
AB4X8,"TORNILLO ALLEN CAB. BOTÓN CALIDAD 10.9 ISO 7380 Botón 4 x 0,70 x 8 10.9",40.66,trusoni
AB4X10,"TORNILLO ALLEN CAB. BOTÓN CALIDAD 10.9 ISO 7380 Botón 4 x 0,70 x 10 10.9",47.08,trusoni
AB4X12,"TORNILLO ALLEN CAB. BOTÓN CALIDAD 10.9 ISO 7380 Botón 4 x 0,70 x 12 10.9",52.43,trusoni
AB4X16,"TORNILLO ALLEN CAB. BOTÓN CALIDAD 10.9 ISO 7380 Botón 4 x 0,70 x 16 10.9",55.64,trusoni
AB4X20,"TORNILLO ALLEN CAB. BOTÓN CALIDAD 10.9 ISO 7380 Botón 4 x 0,70 x 20 10.9",60.99,trusoni
AB4X25,"TORNILLO ALLEN CAB. BOTÓN CALIDAD 10.9 ISO 7380 Botón 4 x 0,70 x 25 10.9",69.55,trusoni
AB4X30,"TORNILLO ALLEN CAB. BOTÓN CALIDAD 10.9 ISO 7380 Botón 4 x 0,70 x 30 10.9",78.11,trusoni
AB4X40,"TORNILLO ALLEN CAB. BOTÓN CALIDAD 10.9 ISO 7380 Botón 4 x 0,70 x 40 10.9",130.54,trusoni
AB4x50,"TORNILLO ALLEN CAB. BOTÓN CALIDAD 10.9 ISO 7380 Botón 4 x 0,70 x 50 10.9",149.8,trusoni
AB5X6,"TORNILLO ALLEN CAB. BOTÓN CALIDAD 10.9 ISO 7380 Botón 5 x 0,80 x 6 10.9",49.22,trusoni
AB5X10,"TORNILLO ALLEN CAB. BOTÓN CALIDAD 10.9 ISO 7380 Botón 5 x 0,80 x 10 10.9",52.43,trusoni
AB5X12,"TORNILLO ALLEN CAB. BOTÓN CALIDAD 10.9 ISO 7380 Botón 5 x 0,80 x 12 10.9",57.78,trusoni
AB5X16,"TORNILLO ALLEN CAB. BOTÓN CALIDAD 10.9 ISO 7380 Botón 5 x 0,80 x 16 10.9",64.2,trusoni
AB5X20,"TORNILLO ALLEN CAB. BOTÓN CALIDAD 10.9 ISO 7380 Botón 5 x 0,80 x 20 10.9",67.41,trusoni
AB5X25,"TORNILLO ALLEN CAB. BOTÓN CALIDAD 10.9 ISO 7380 Botón 5 x 0,80 x 25 10.9",69.55,trusoni
AB5X30,"TORNILLO ALLEN CAB. BOTÓN CALIDAD 10.9 ISO 7380 Botón 5 x 0,80 x 30 10.9",78.11,trusoni
AB5X40,"TORNILLO ALLEN CAB. BOTÓN CALIDAD 10.9 ISO 7380 Botón 5 x 0,80 x 40 10.9",115.56,trusoni
AB5X50,"TORNILLO ALLEN CAB. BOTÓN CALIDAD 10.9 ISO 7380 Botón 5 x 0,80 x 50 10.9",231.12,trusoni
AB6X10,"TORNILLO ALLEN CAB. BOTÓN CALIDAD 10.9 ISO 7380 Botón 6 x 1,00 x 10 10.9",64.2,trusoni
AB6X12,"TORNILLO ALLEN CAB. BOTÓN CALIDAD 10.9 ISO 7380 Botón 6 x 1,00 x 12 10.9",67.41,trusoni
AB6X16,"TORNILLO ALLEN CAB. BOTÓN CALIDAD 10.9 ISO 7380 Botón 6 x 1,00 x 16 10.9",81.32,trusoni
AB6X20,"TORNILLO ALLEN CAB. BOTÓN CALIDAD 10.9 ISO 7380 Botón 6 x 1,00 x 20 10.9",93.09,trusoni
AB6X25,"TORNILLO ALLEN CAB. BOTÓN CALIDAD 10.9 ISO 7380 Botón 6 x 1,00 x 25 10.9",104.86,trusoni
AB6X30,"TORNILLO ALLEN CAB. BOTÓN CALIDAD 10.9 ISO 7380 Botón 6 x 1,00 x 30 10.9",127.33,trusoni
AB6X40,"TORNILLO ALLEN CAB. BOTÓN CALIDAD 10.9 ISO 7380 Botón 6 x 1,00 x 40 10.9",197.95,trusoni
AB6X50,"TORNILLO ALLEN CAB. BOTÓN CALIDAD 10.9 ISO 7380 Botón 6 x 1,00 x 50 10.9",231.12,trusoni
AB6X60,"TORNILLO ALLEN CAB. BOTÓN CALIDAD 10.9 ISO 7380 Botón 6 x 1,00 x 60 10.9",317.79,trusoni
AB8X12,"TORNILLO ALLEN CAB. BOTÓN CALIDAD 10.9 ISO 7380 Botón 8 x 1,25 x 12 10.9",144.45,trusoni
AB8X16,"TORNILLO ALLEN CAB. BOTÓN CALIDAD 10.9 ISO 7380 Botón 8 x 1,25 x 16 10.9",150.87,trusoni
AB8X20,"TORNILLO ALLEN CAB. BOTÓN CALIDAD 10.9 ISO 7380 Botón 8 x 1,25 x 20 10.9",153.01,trusoni
AB8X25,"TORNILLO ALLEN CAB. BOTÓN CALIDAD 10.9 ISO 7380 Botón 8 x 1,25 x 25 10.9",181.9,trusoni
AB8X30,"TORNILLO ALLEN CAB. BOTÓN CALIDAD 10.9 ISO 7380 Botón 8 x 1,25 x 30 10.9",228.98,trusoni
AB8X40,"TORNILLO ALLEN CAB. BOTÓN CALIDAD 10.9 ISO 7380 Botón 8 x 1,25 x 40 10.9",288.9,trusoni
AB8X50,"TORNILLO ALLEN CAB. BOTÓN CALIDAD 10.9 ISO 7380 Botón 8 x 1,25 x 50 10.9",375.57,trusoni
AB8X60,"TORNILLO ALLEN CAB. BOTÓN CALIDAD 10.9 ISO 7380 Botón 8 x 1,25 x 60 10.9",606.69,trusoni
AB8X70,"TORNILLO ALLEN CAB. BOTÓN CALIDAD 10.9 ISO 7380 Botón 8 x 1,25 x 70 10.9",664.47,trusoni
AB8X80,"TORNILLO ALLEN CAB. BOTÓN CALIDAD 10.9 ISO 7380 Botón 8 x 1,25 x 80 10.9",751.14,trusoni
AB10X20,"TORNILLO ALLEN CAB. BOTÓN CALIDAD 10.9 ISO 7380 Botón 10 x 1,50 x 20 10.9",286.76,trusoni
AB10X25,"TORNILLO ALLEN CAB. BOTÓN CALIDAD 10.9 ISO 7380 Botón 10 x 1,50 x 25 10.9",317.79,trusoni
AB10X30,"TORNILLO ALLEN CAB. BOTÓN CALIDAD 10.9 ISO 7380 Botón 10 x 1,50 x 30 10.9",346.68,trusoni
AB10X35,"TORNILLO ALLEN CAB. BOTÓN CALIDAD 10.9 ISO 7380 Botón 10 x 1,50 x 35 10.9",375.57,trusoni
AB10X40,"TORNILLO ALLEN CAB. BOTÓN CALIDAD 10.9 ISO 7380 Botón 10 x 1,50 x 40 10.9",404.46,trusoni
AB10X45,"TORNILLO ALLEN CAB. BOTÓN CALIDAD 10.9 ISO 7380 Botón 10 x 1,50 x 45 10.9",448.33,trusoni
AB10X50,"TORNILLO ALLEN CAB. BOTÓN CALIDAD 10.9 ISO 7380 Botón 10 x 1,50 x 50 10.9",491.13,trusoni
AB10X60,"TORNILLO ALLEN CAB. BOTÓN CALIDAD 10.9 ISO 7380 Botón 10 x 1,50 x 60 10.9",736.16,trusoni
AB10X70,"TORNILLO ALLEN CAB. BOTÓN CALIDAD 10.9 ISO 7380 Botón 10 x 1,50 x 70 10.9",856.0,trusoni
AB10X80,"TORNILLO ALLEN CAB. BOTÓN CALIDAD 10.9 ISO 7380 Botón 10 x 1,50 x 80 10.9",944.275,trusoni
AB12X20,"TORNILLO ALLEN CAB. BOTÓN CALIDAD 10.9 ISO 7380 Botón 12 x 1,75 x 20 10.9",462.24,trusoni
AB12X25,"TORNILLO ALLEN CAB. BOTÓN CALIDAD 10.9 ISO 7380 Botón 12 x 1,75 x 25 10.9",508.25,trusoni
AB12X30,"TORNILLO ALLEN CAB. BOTÓN CALIDAD 10.9 ISO 7380 Botón 12 x 1,75 x 30 10.9",572.45,trusoni
AB12X35,"TORNILLO ALLEN CAB. BOTÓN CALIDAD 10.9 ISO 7380 Botón 12 x 1,75 x 35 10.9",620.6,trusoni
AB12X40,"TORNILLO ALLEN CAB. BOTÓN CALIDAD 10.9 ISO 7380 Botón 12 x 1,75 x 40 10.9",668.75,trusoni
AB12X45,"TORNILLO ALLEN CAB. BOTÓN CALIDAD 10.9 ISO 7380 Botón 12 x 1,75 x 45 10.9",759.7,trusoni
AB12X50,"TORNILLO ALLEN CAB. BOTÓN CALIDAD 10.9 ISO 7380 Botón 12 x 1,75 x 50 10.9",982.26,trusoni
AB12X60,"TORNILLO ALLEN CAB. BOTÓN CALIDAD 10.9 ISO 7380 Botón 12 x 1,75 x 60 10.9",1126.71,trusoni
AB12X70,"TORNILLO ALLEN CAB. BOTÓN CALIDAD 10.9 ISO 7380 Botón 12 x 1,75 x 70 10.9",1328.94,trusoni
AB12X80,"TORNILLO ALLEN CAB. BOTÓN CALIDAD 10.9 ISO 7380 Botón 12 x 1,75 x 80 10.9",1502.28,trusoni
CÓDIGO,TORNILLO ALLEN CAB. BOTÓN CALIDAD 10.9 ISO 7380 DESCRIPCIÓN,,trusoni
AB3/16X1/2,TORNILLO ALLEN CAB. BOTÓN CALIDAD 10.9 ISO 7380 Botón 3/16 - 24 x 1/2,55.64,trusoni
AB3/16X5/8,TORNILLO ALLEN CAB. BOTÓN CALIDAD 10.9 ISO 7380 Botón 3/16 - 24 x 5/8,67.41,trusoni
AB3/16X3/4,TORNILLO ALLEN CAB. BOTÓN CALIDAD 10.9 ISO 7380 Botón 3/16 - 24 x 3/4,69.55,trusoni
AB3/16X1 ,TORNILLO ALLEN CAB. BOTÓN CALIDAD 10.9 ISO 7380 Botón 3/16 - 24 x 1,93.09,trusoni
AB1/4X3/8,TORNILLO ALLEN CAB. BOTÓN CALIDAD 10.9 ISO 7380 Botón 1/4 - 20 x 3/8,80.25,trusoni
AB1/4X1/2,TORNILLO ALLEN CAB. BOTÓN CALIDAD 10.9 ISO 7380 Botón 1/4 - 20 x 1/2,81.32,trusoni
AB1/4X5/8,TORNILLO ALLEN CAB. BOTÓN CALIDAD 10.9 ISO 7380 Botón 1/4 - 20 x 5/8,98.44,trusoni
AB1/4X3/4,TORNILLO ALLEN CAB. BOTÓN CALIDAD 10.9 ISO 7380 Botón 1/4 - 20 x 3/4,107.0,trusoni
AB1/4X1 ,TORNILLO ALLEN CAB. BOTÓN CALIDAD 10.9 ISO 7380 Botón 1/4 - 20 x 1,127.33,trusoni
AB5/16X1/2,TORNILLO ALLEN CAB. BOTÓN CALIDAD 10.9 ISO 7380 Botón 5/16 - 18 x 1/2,162.64,trusoni
AB5/16X5/8,TORNILLO ALLEN CAB. BOTÓN CALIDAD 10.9 ISO 7380 Botón 5/16 - 18 x 5/8,164.78,trusoni
AB5/16X3/4,TORNILLO ALLEN CAB. BOTÓN CALIDAD 10.9 ISO 7380 Botón 5/16 - 18 x 3/4,181.9,trusoni
AB5/16X1 ,TORNILLO ALLEN CAB. BOTÓN CALIDAD 10.9 ISO 7380 Botón 5/16 - 18 x 1,214.0,trusoni
AB1/2x11/4,TORNILLO ALLEN CAB. BOTÓN CALIDAD 10.9 ISO 7380 Botón 1/2 - 13 x 11/4,668.75,trusoni
AB1/2x11/2,TORNILLO ALLEN CAB. BOTÓN CALIDAD 10.9 ISO 7380 Botón 1/2 - 13 x 11/2,802.5,trusoni
ACNF1/4X23/4,TORNILLO ALLEN CAB. CILINDRICA CALIDAD 12.9 NF Y MB Cil. 1/4 - 28 x 23/4,625.95,trusoni
ACNF5/8X11/2,TORNILLO ALLEN CAB. CILINDRICA CALIDAD 12.9 NF Y MB Cil. 5/8 - 18 x 11/2,2696.4,trusoni
ACNF5/8X3,TORNILLO ALLEN CAB. CILINDRICA CALIDAD 12.9 NF Y MB Cil. 5/8 - 18 x 3,4112.01,trusoni
CÓDIGO,TORNILLO ALLEN CAB. CILINDRICA CALIDAD 12.9 NF Y MB DESCRIPCIÓN,,trusoni
AC8X1X20,"TORNILLO ALLEN CAB. CILINDRICA CALIDAD 12.9 NF Y MB Cil. 8 x 1,00 x 20 MB",353.1,trusoni
AC8X1X30,"TORNILLO ALLEN CAB. CILINDRICA CALIDAD 12.9 NF Y MB Cil. 8 x 1,00 x 30 MB",475.08,trusoni
AC8X1X40,"TORNILLO ALLEN CAB. CILINDRICA CALIDAD 12.9 NF Y MB Cil. 8 x 1,00 x 40 MB",588.5,trusoni
"AC10x1,00x20","TORNILLO ALLEN CAB. CILINDRICA CALIDAD 12.9 NF Y MB Cil 8 x 1,00 x 20 MB",614.18,trusoni
"AC10x1,00x30","TORNILLO ALLEN CAB. CILINDRICA CALIDAD 12.9 NF Y MB Cil 8 x 1,00 x 30 MB",875.26,trusoni
"AC10x1,00x50","TORNILLO ALLEN CAB. CILINDRICA CALIDAD 12.9 NF Y MB Cil 8 x 1,00 x 50 MB",971.56,trusoni
"AC10x1,00x60","TORNILLO ALLEN CAB. CILINDRICA CALIDAD 12.9 NF Y MB Cil 8 x 1,00 x 60 MB",1097.82,trusoni
"AC10X1,25X30","TORNILLO ALLEN CAB. CILINDRICA CALIDAD 12.9 NF Y MB Cil. 10 x 1,25 x 30 MB",659.12,trusoni
"AC10X1,25X40","TORNILLO ALLEN CAB. CILINDRICA CALIDAD 12.9 NF Y MB Cil. 10 x 1,25 x 40 MB",875.26,trusoni
"AC10X1,25X60","TORNILLO ALLEN CAB. CILINDRICA CALIDAD 12.9 NF Y MB Cil. 10 x 1,25 x 60 MB",1097.82,trusoni
"AC10x1,25x80","TORNILLO ALLEN CAB. CILINDRICA CALIDAD 12.9 NF Y MB Cil. 10 x 1,25 x 80 MB",1664.92,trusoni
"AC12X1,50X20","TORNILLO ALLEN CAB. CILINDRICA CALIDAD 12.9 NF Y MB Cil. 12 x 1,50 x 20 MB",905.22,trusoni
"AC12x1,50x30","TORNILLO ALLEN CAB. CILINDRICA CALIDAD 12.9 NF Y MB Cil. 12 x 1,50 x 30 MB",1016.5,trusoni
"AC12X1,50X45","TORNILLO ALLEN CAB. CILINDRICA CALIDAD 12.9 NF Y MB Cil. 12 x 1,50 x 45 MB",1262.6,trusoni
"AC12X1,50X60","TORNILLO ALLEN CAB. CILINDRICA CALIDAD 12.9 NF Y MB Cil. 12 x 1,50 x 60 MB",1615.7,trusoni
"AC12X1,50X80","TORNILLO ALLEN CAB. CILINDRICA CALIDAD 12.9 NF Y MB Cil. 12 x 1,50 x 80 MB",1964.52,trusoni
"AC14x1,50x60","TORNILLO ALLEN CAB. CILINDRICA CALIDAD 12.9 NF Y MB Cil. 14 x 1,50 x 60 MB",2831.22,trusoni
"AC14x1,50x90","TORNILLO ALLEN CAB. CILINDRICA CALIDAD 12.9 NF Y MB Cil. 14 x 1,50 x 90 MB",3426.14,trusoni
"AC16x1,50x60","TORNILLO ALLEN CAB. CILINDRICA CALIDAD 12.9 NF Y MB Cil. 16 x 1,50 x 60 MB",3338.4,trusoni
"AC16x1,50x70","TORNILLO ALLEN CAB. CILINDRICA CALIDAD 12.9 NF Y MB Cil. 16 x 1,50 x 70 MB",3924.76,trusoni
ACTR4X60,"TORNILLO ALLEN CAB. CILINDRICA CALIDAD 12.9 TODO ROSCA Cil. 4 x 0,70 x 60 Todo Rosca",234.33,trusoni
ACTR5X80,"TORNILLO ALLEN CAB. CILINDRICA CALIDAD 12.9 TODO ROSCA Cil. 5 x 0,80 x 80 Todo Rosca",494.34,trusoni
ACTR6X50,"TORNILLO ALLEN CAB. CILINDRICA CALIDAD 12.9 TODO ROSCA Cil. 6 x 1,00 x 50 Todo Rosca",282.48,trusoni
ACTR6X90,"TORNILLO ALLEN CAB. CILINDRICA CALIDAD 12.9 TODO ROSCA Cil. 6 x 1,00 x 90 Todo Rosca",695.5,trusoni
ACTR8X40,"TORNILLO ALLEN CAB. CILINDRICA CALIDAD 12.9 TODO ROSCA Cil 8 x 1,25 x 40 Todo Rosca",441.375,trusoni
ACTR8X60,"TORNILLO ALLEN CAB. CILINDRICA CALIDAD 12.9 TODO ROSCA Cil. 8 x 1,25 x 60 Todo Rosca",624.345,trusoni
ACTR8X100,"TORNILLO ALLEN CAB. CILINDRICA CALIDAD 12.9 TODO ROSCA Cil. 8 x 1,25 x 100 Todo Rosca",1193.05,trusoni
ACTR10X50,"TORNILLO ALLEN CAB. CILINDRICA CALIDAD 12.9 TODO ROSCA Cil. 10 x 1,50 x 50 Todo Rosca",728.67,trusoni
ACTR10X90,"TORNILLO ALLEN CAB. CILINDRICA CALIDAD 12.9 TODO ROSCA Cil. 10 x 1,50 x 90 Todo Rosca",1386.72,trusoni
ACTR12X60,"TORNILLO ALLEN CAB. CILINDRICA CALIDAD 12.9 TODO ROSCA Cil. 12 x 1,75 x 60 Todo Rosca",1211.775,trusoni
